"","Site_year","Site","Site_geno_year","Genotype","SampleYear","Absolute_estimate_ED50","fvfm_ED50CIrange","LowerCI_fvfmED50","UpperCI_fvfmED50","Std..Error","eventID"
"1","EastCay-22Jan_2021","EastCay-22Jan","EastCay-22Jan_38_2021","38","2021",36.5924692100218,2.81632116979492,35.1843086251244,38.0006297949193,0.707729941295926,"Ahya_38a"
"2","EastCay-22Jan_2021","EastCay-22Jan","EastCay-22Jan_39_2021","39","2021",36.2029012577185,2.36892483238988,35.0184388415236,37.3873636739135,0.595301079487266,"Ahya_39a"
"3","EastCay-22Jan_2021","EastCay-22Jan","EastCay-22Jan_40_2021","40","2021",36.9696735907554,3.1007694179296,35.4192888817906,38.5200582997202,0.779210617616923,"Ahya_40a"
"4","EastCay-22Jan_2021","EastCay-22Jan","EastCay-22Jan_44_2021","44","2021",36.3255370119771,3.61466359389496,34.5182052150296,38.1328688089246,0.908350113100943,"Ahya_44a"
"5","EastCay-22Jan_2021","EastCay-22Jan","EastCay-22Jan_42_2021","42","2021",37.1653729626955,4.94065110215365,34.6950474116187,39.6356985137724,1.24156532713401,"Ahya_42a"
"6","EastCay-22Jan_2021","EastCay-22Jan","EastCay-22Jan_43_2021","43","2021",37.4066223242274,5.58628137839028,34.6134816350322,40.1997630134225,1.40380956348049,"Ahya_43a"
"7","EastCay-22Jan_2021","EastCay-22Jan","EastCay-22Jan_41_2021","41","2021",36.5161921239905,3.04668458733374,34.9928498303236,38.0395344176573,0.765619321853809,"Ahya_41a"
"8","EastCay-22Jan_2021","EastCay-22Jan","EastCay-22Jan_45_2021","45","2021",36.3418631524469,3.12407417618823,34.7798260643528,37.903900240541,0.785067007637774,"Ahya_45a"
"9","EastCay-22Jan_2021","EastCay-22Jan","EastCay-22Jan_51_2021","51","2021",36.0022536122438,1.21473125281963,35.394887985834,36.6096192386536,0.305256974051352,"Ahya_51a"
"10","EastCay-23Jan_2021","EastCay-23Jan","EastCay-23Jan_72_2021","72","2021",35.6805911204717,0.177159929536373,35.5920111557035,35.7691710852399,0.044941465735848,"Ahya_72a"
"11","EastCay-23Jan_2021","EastCay-23Jan","EastCay-23Jan_73_2021","73","2021",35.8089345682524,0.360010603971176,35.6289292662668,35.988939870238,0.0913265446946907,"Ahya_73a"
"12","EastCay-23Jan_2021","EastCay-23Jan","EastCay-23Jan_74_2021","74","2021",35.5868783951344,0.435886532624821,35.368935128822,35.8048216614469,0.110574551039507,"Ahya_74a"
"13","EastCay-23Jan_2021","EastCay-23Jan","EastCay-23Jan_75_2021","75","2021",35.1859866281595,0.454874897225693,34.9585491795467,35.4134240767724,0.115391469511551,"Ahya_75a"
"14","EastCay-23Jan_2021","EastCay-23Jan","EastCay-23Jan_67_2021","67","2021",36.0363488010612,0.437872273078355,35.8174126645221,36.2552849376004,0.111078288463576,"Ahya_67a"
"15","EastCay-23Jan_2021","EastCay-23Jan","EastCay-23Jan_68_2021","68","2021",36.8307507165777,3.53527652703333,35.063112453061,38.5983889800944,0.896819666400868,"Ahya_68a"
"16","EastCay-23Jan_2021","EastCay-23Jan","EastCay-23Jan_69_2021","69","2021",36.336166484376,1.46316558352088,35.6045836926156,37.0677492761364,0.371172003227586,"Ahya_69a"
"17","EastCay-23Jan_2021","EastCay-23Jan","EastCay-23Jan_70_2021","70","2021",36.0539332460023,0.724549996560242,35.6916582477222,36.4162082442824,0.183801940594216,"Ahya_70a"
"18","EastCay-23Jan_2021","EastCay-23Jan","EastCay-23Jan_71_2021","71","2021",35.7961227512192,0.178265695288246,35.7069899035751,35.8852555988633,0.0452219734882478,"Ahya_71a"
"19","EastCay-23Jan_2021","EastCay-23Jan","EastCay-23Jan_52_2021","52","2021",35.7344278150416,0.188584107794924,35.6401357611441,35.8287198689391,0.047839521278715,"Ahya_52a"
"20","EastCay-23Jan_2021","EastCay-23Jan","EastCay-23Jan_53_2021","53","2021",35.8154500589575,0.205019639631587,35.7129402391417,35.9179598787733,0.0520088438383971,"Ahya_53a"
"21","EastCay-23Jan_2021","EastCay-23Jan","EastCay-23Jan_54_2021","54","2021",35.842176578669,0.201835669270395,35.7412587440338,35.9430944133042,0.0512011425976819,"Ahya_54a"
"22","EastCay-23Jan_2021","EastCay-23Jan","EastCay-23Jan_55_2021","55","2021",35.8749044331509,0.242607211642408,35.7536008273297,35.9962080389721,0.0615439604081478,"Ahya_55a"
"23","EastCay-23Jan_2021","EastCay-23Jan","EastCay-23Jan_56_2021","56","2021",36.2940810952886,1.0427606356549,35.7727007774612,36.8154614131161,0.264524779957947,"Ahya_56a"
"24","EastCay-23Jan_2021","EastCay-23Jan","EastCay-23Jan_57_2021","57","2021",35.9867406432897,0.371280895117934,35.8011001957307,36.1723810908486,0.0941855625591194,"Ahya_57a"
"25","EastCay-23Jan_2021","EastCay-23Jan","EastCay-23Jan_58_2021","58","2021",35.8439906058136,0.429179449055184,35.629400881286,36.0585803303412,0.108873115691114,"Ahya_58a"
"26","EastCay-23Jan_2021","EastCay-23Jan","EastCay-23Jan_59_2021","59","2021",36.0742549174653,0.540233424318103,35.8041382053063,36.3443716296244,0.13704499652878,"Ahya_59a"
"27","EastCay-23Jan_2021","EastCay-23Jan","EastCay-23Jan_60_2021","60","2021",36.3757129434503,1.08814588956022,35.8316399986702,36.9197858882304,0.276037991995433,"Ahya_60a"
"28","EastCay-23Jan_2021","EastCay-23Jan","EastCay-23Jan_61_2021","61","2021",36.30640158973,0.966799049228598,35.8230020651157,36.7898011143443,0.245255044174284,"Ahya_61a"
"29","EastCay-23Jan_2021","EastCay-23Jan","EastCay-23Jan_81_2021","81","2021",36.3536240099412,1.07281586797524,35.8172160759536,36.8900319439289,0.272149112373532,"Ahya_81a"
"30","EastCay-23Jan_2021","EastCay-23Jan","EastCay-23Jan_82_2021","82","2021",36.1767423879692,0.673933074839695,35.8397758505494,36.5137089253891,0.170961572802747,"Ahya_82a"
"31","EastCay-23Jan_2021","EastCay-23Jan","EastCay-23Jan_83_2021","83","2021",35.9859150266255,0.312154510006607,35.8298377716222,36.1419922816288,0.0791865364389399,"Ahya_83a"
"32","EastCay-23Jan_2021","EastCay-23Jan","EastCay-23Jan_84_2021","84","2021",36.0826902570407,0.507736146285836,35.8288221838978,36.3365583301836,0.128801172369346,"Ahya_84a"
"33","EastCay-23Jan_2021","EastCay-23Jan","EastCay-23Jan_85_2021","85","2021",35.9287097034934,0.282539409186953,35.7874399988999,36.0699794080869,0.0716738554267427,"Ahya_85a"
"34","LadyMusgrave_2021","LadyMusgrave","LadyMusgrave_102_2021","102","2021",35.3494275172422,3.85456547209967,33.4221447811923,37.276710253292,0.979075265876109,"Ahya_102a"
"35","LadyMusgrave_2021","LadyMusgrave","LadyMusgrave_103_2021","103","2021",35.825763585346,6.32255533149109,32.6644859196005,38.9870412510915,1.60595470150987,"Ahya_103a"
"36","LadyMusgrave_2021","LadyMusgrave","LadyMusgrave_104_2021","104","2021",35.4463573778836,5.58763348149516,32.652540637136,38.2401741186311,1.41928157041606,"Ahya_104a"
"37","LadyMusgrave_2021","LadyMusgrave","LadyMusgrave_105_2021","105","2021",35.7842189224237,2.25659702177911,34.6559204115341,36.9125174333133,0.573184797369684,"Ahya_105a"
"38","LadyMusgrave_2021","LadyMusgrave","LadyMusgrave_80_2021","80","2021",36.0204716710023,2.92735801932866,34.5567926613379,37.4841506806666,0.743560811674977,"Ahya_80a"
"39","LadyMusgrave_2021","LadyMusgrave","LadyMusgrave_95_2021","95","2021",35.2534916125368,1.16315121451214,34.6719160052807,35.8350672197928,0.295445126784227,"Ahya_95a"
"40","LadyMusgrave_2021","LadyMusgrave","LadyMusgrave_96_2021","96","2021",35.573998253725,3.43092265201615,33.858536927717,37.2894595797331,0.871468271076813,"Ahya_96a"
"41","LadyMusgrave_2021","LadyMusgrave","LadyMusgrave_97_2021","97","2021",36.5850911010498,8.26423404127462,32.4529740804125,40.7172081216871,2.09914897017324,"Ahya_97a"
"42","LadyMusgrave_2021","LadyMusgrave","LadyMusgrave_106_2021","106","2021",35.9015904756812,4.53872115896378,33.6322298961993,38.1709510551631,1.15285358560258,"Ahya_106a"
"43","LadyMusgrave_2021","LadyMusgrave","LadyMusgrave_107_2021","107","2021",34.9888428494101,0.835130094695046,34.5712778020625,35.4064078967576,0.212126431739995,"Ahya_107a"
"44","LadyMusgrave_2021","LadyMusgrave","LadyMusgrave_108_2021","108","2021",35.4202693567666,2.20161222888211,34.3194632423255,36.5210754712077,0.559218436929201,"Ahya_108a"
"45","LadyMusgrave_2021","LadyMusgrave","LadyMusgrave_109_2021","109","2021",34.9787774978875,1.20176583633975,34.3778945797176,35.5796604160573,0.305253397367831,"Ahya_109a"
"46","LadyMusgrave_2021","LadyMusgrave","LadyMusgrave_98_2021","98","2021",35.5446558158126,2.68516635826469,34.2020726366802,36.8872389949449,0.682043147319411,"Ahya_98a"
"47","LadyMusgrave_2021","LadyMusgrave","LadyMusgrave_99_2021","99","2021",35.7811708358718,3.11701483516735,34.2226634182882,37.3396782534555,0.791734412236842,"Ahya_99a"
"48","LadyMusgrave_2021","LadyMusgrave","LadyMusgrave_100_2021","100","2021",35.4870861090216,2.59397519966554,34.1900985091888,36.7840737088543,0.658880223120231,"Ahya_100a"
"49","LadyMusgrave_2021","LadyMusgrave","LadyMusgrave_101_2021","101","2021",35.325150459585,2.98623112691968,33.8320348961252,36.8182660230448,0.758514819820603,"Ahya_101a"
"50","LadyMusgrave_2021","LadyMusgrave","LadyMusgrave_114_2021","114","2021",34.9996630515734,0.723378365874666,34.6379738686361,35.3613522345108,0.183741039301109,"Ahya_114a"
"51","LadyMusgrave_2021","LadyMusgrave","LadyMusgrave_115_2021","115","2021",35.2861480179959,2.11427753447451,34.2290092507587,36.3432867852332,0.537035070278344,"Ahya_115a"
"52","LadyMusgrave_2021","LadyMusgrave","LadyMusgrave_116_2021","116","2021",36.6189285155881,5.64767425337189,33.7950913889021,39.442765642274,1.43453217002686,"Ahya_116a"
"53","LadyMusgrave_2021","LadyMusgrave","LadyMusgrave_117_2021","117","2021",35.390269046458,2.26384296635942,34.2583475632783,36.5221905296377,0.575025296686101,"Ahya_117a"
"54","LadyMusgrave_2021","LadyMusgrave","LadyMusgrave_118_2021","118","2021",35.281579365128,1.4527398592389,34.5552094355085,36.0079492947474,0.369001817255,"Ahya_118a"
"55","LadyMusgrave_2021","LadyMusgrave","LadyMusgrave_111_2021","111","2021",36.0149142090536,4.20852033212803,33.9106540429896,38.1191743751176,1.06898123613367,"Ahya_111a"
"56","LadyMusgrave_2021","LadyMusgrave","LadyMusgrave_120_2021","120","2021",35.6829330957421,3.17995167156711,34.0929572599586,37.2729089315257,0.807720623984317,"Ahya_120a"
"57","LadyMusgrave_2021","LadyMusgrave","LadyMusgrave_76_2021","76","2021",35.5116010667018,2.12934118363488,34.4469304748843,36.5762716585192,0.540861298270449,"Ahya_76a"
"58","LadyMusgrave_2021","LadyMusgrave","LadyMusgrave_77_2021","77","2021",36.147002271512,NA,NA,NA,NA,"Ahya_77a"
"59","LadyMusgrave_2021","LadyMusgrave","LadyMusgrave_78_2021","78","2021",36.7890553927279,4.9260152131168,34.3260477861695,39.2520629992863,1.25122784640753,"Ahya_78a"
"60","LadyMusgrave_2021","LadyMusgrave","LadyMusgrave_79_2021","79","2021",35.7043453926455,2.87708392028981,34.2658034325006,37.1428873527904,0.730790986583296,"Ahya_79a"
"61","LadyMusgrave_2021","LadyMusgrave","LadyMusgrave_110_2021","110","2021",35.5800711868869,4.72312464122068,33.2185088662766,37.9416335074973,1.19969281812463,"Ahya_110a"
"62","LadyMusgrave_2021","LadyMusgrave","LadyMusgrave_119_2021","119","2021",35.1309805684586,1.10941358563683,34.5762737756402,35.685687361277,0.281795551064352,"Ahya_119a"
"63","LadyMusgrave_2021","LadyMusgrave","LadyMusgrave_112_2021","112","2021",36.5465951300601,7.41747638458277,32.8378569377687,40.2553333223515,1.8840690905191,"Ahya_112a"
"64","LadyMusgrave_2021","LadyMusgrave","LadyMusgrave_113_2021","113","2021",34.918247645467,0.999533548956592,34.4184808709888,35.4180144199453,0.253885576021539,"Ahya_113a"
"65","Reef21550-20Jan_2021","Reef21550-20Jan","Reef21550-20Jan_19_2021","19","2021",39.0264953074907,10.186552637432,33.9332189887747,44.1197716262067,2.57536340579029,"Ahya_19a"
"66","Reef21550-20Jan_2021","Reef21550-20Jan","Reef21550-20Jan_20_2021","20","2021",40,20.4703785861087,29.7648107069457,50.2351892930543,5.17531944218447,"Ahya_20a"
"67","Reef21550-20Jan_2021","Reef21550-20Jan","Reef21550-20Jan_21_2021","21","2021",39.8647902799176,NA,NA,NA,NA,"Ahya_21a"
"68","Reef21550-20Jan_2021","Reef21550-20Jan","Reef21550-20Jan_22_2021","22","2021",39.8307777931765,NA,NA,NA,NA,"Ahya_22a"
"69","Reef21550-20Jan_2021","Reef21550-20Jan","Reef21550-20Jan_27_2021","27","2021",37.9530264458056,9.68964738822967,33.1082027516907,42.7978501399204,2.44973586127259,"Ahya_27a"
"70","Reef21550-20Jan_2021","Reef21550-20Jan","Reef21550-20Jan_28_2021","28","2021",40,20.4703785861087,29.7648107069457,50.2351892930543,5.17531944218447,"Ahya_28a"
"71","Reef21550-20Jan_2021","Reef21550-20Jan","Reef21550-20Jan_29_2021","29","2021",40,20.4703785861087,29.7648107069457,50.2351892930543,5.17531944218447,"Ahya_29a"
"72","Reef21550-20Jan_2021","Reef21550-20Jan","Reef21550-20Jan_30_2021","30","2021",40,20.4703785861087,29.7648107069457,50.2351892930543,5.17531944218447,"Ahya_30a"
"73","Reef21550-20Jan_2021","Reef21550-20Jan","Reef21550-20Jan_31_2021","31","2021",38.2581126592281,14.2254195107174,31.1454029038694,45.3708224145868,3.59646939881249,"Ahya_31a"
"74","Reef21550-20Jan_2021","Reef21550-20Jan","Reef21550-20Jan_32_2021","32","2021",38.2545672221289,5.40801653375286,35.5505589552525,40.9585754890054,1.36725429835378,"Ahya_32a"
"75","Reef21550-20Jan_2021","Reef21550-20Jan","Reef21550-20Jan_33_2021","33","2021",37.2386291770099,NA,NA,NA,NA,"Ahya_33a"
"76","Reef21550-20Jan_2021","Reef21550-20Jan","Reef21550-20Jan_23_2021","23","2021",40,20.4703785861087,29.7648107069457,50.2351892930543,5.17531944218447,"Ahya_23a"
"77","Reef21550-20Jan_2021","Reef21550-20Jan","Reef21550-20Jan_24_2021","24","2021",40,20.4703785861087,29.7648107069457,50.2351892930543,5.17531944218447,"Ahya_24a"
"78","Reef21550-20Jan_2021","Reef21550-20Jan","Reef21550-20Jan_25_2021","25","2021",38.8610879231806,6.89128407114929,35.415445887606,42.3067299587553,1.74225387600976,"Ahya_25a"
"79","Reef21550-20Jan_2021","Reef21550-20Jan","Reef21550-20Jan_26_2021","26","2021",36.581551222865,NA,NA,NA,NA,"Ahya_26a"
"80","Sykes_2021","Sykes","Sykes_126_2021","126","2021",36.5280909855085,2.54546760111282,35.2553571849521,37.800824786065,0.646637057206409,"Ahya_126a"
"81","Sykes_2021","Sykes","Sykes_127_2021","127","2021",40,12.7062062063846,33.6468968968077,46.3531031031923,3.22781707610906,"Ahya_127a"
"82","Sykes_2021","Sykes","Sykes_128_2021","128","2021",36.5499985341624,2.42075984685641,35.3396186107341,37.7603784575906,0.61495696228478,"Ahya_128a"
"83","Sykes_2021","Sykes","Sykes_129_2021","129","2021",36.0746710922265,2.39791071591256,34.8757157342702,37.2736264501827,0.609152490530043,"Ahya_129a"
"84","Sykes_2021","Sykes","Sykes_130_2021","130","2021",35.9106788749576,NA,NA,NA,NA,"Ahya_130a"
"85","Sykes_2021","Sykes","Sykes_131_2021","131","2021",35.8040602179879,NA,NA,NA,NA,"Ahya_131a"
"86","Sykes_2021","Sykes","Sykes_121_2021","121","2021",35.8448159168209,NA,NA,NA,NA,"Ahya_121a"
"87","Sykes_2021","Sykes","Sykes_122_2021","122","2021",36.7875663311405,3.46510452170072,35.0550140702901,38.5201185919908,0.880256731551251,"Ahya_122a"
"88","Sykes_2021","Sykes","Sykes_123_2021","123","2021",35.486155009352,0.48500276421538,35.2436536272443,35.7286563914597,0.123207523856166,"Ahya_123a"
"89","Sykes_2021","Sykes","Sykes_124_2021","124","2021",35.3900973093264,0.339315509803285,35.2204395544247,35.559755064228,0.0861979082459223,"Ahya_124a"
"90","Sykes_2021","Sykes","Sykes_125_2021","125","2021",35.9154936731978,2.03125829570844,34.8998645253436,36.931122821052,0.516010058894005,"Ahya_125a"
"91","Sykes_2021","Sykes","Sykes_132_2021","132","2021",36.0792029418572,4.60658679673615,33.7759095434891,38.3824963402253,1.17023282036868,"Ahya_132a"
"92","Sykes_2021","Sykes","Sykes_133_2021","133","2021",36.2735437562745,4.01839820916902,34.26434465169,38.282742860859,1.02081251850331,"Ahya_133a"
"93","Sykes_2021","Sykes","Sykes_134_2021","134","2021",35.7494162498703,2.25398619327586,34.6224231532323,36.8764093465082,0.572590669929011,"Ahya_134a"
"94","Sykes_2021","Sykes","Sykes_135_2021","135","2021",36.1404546187779,2.33835530228875,34.9712769676335,37.3096322699222,0.59402334986073,"Ahya_135a"
"95","Sykes_2021","Sykes","Sykes_141_2021","141","2021",35.6905195761792,NA,NA,NA,NA,"Ahya_141a"
"96","Sykes_2021","Sykes","Sykes_142_2021","142","2021",36.1807639178924,NA,NA,NA,NA,"Ahya_142a"
"97","Sykes_2021","Sykes","Sykes_143_2021","143","2021",35.5949508632704,1.0346983444654,35.0776016910377,36.1123000355031,0.262849266778702,"Ahya_143a"
"98","Sykes_2021","Sykes","Sykes_144_2021","144","2021",35.4379459806322,0.474423969256407,35.200733996004,35.6751579652604,0.120520143023635,"Ahya_144a"
"99","Sykes_2021","Sykes","Sykes_145_2021","145","2021",35.5690401358493,1.02499377786918,35.0565432469147,36.0815370247839,0.260383970271884,"Ahya_145a"
"100","Sykes_2021","Sykes","Sykes_150_2021","150","2021",35.4703302502396,0.492947975286583,35.2238562625963,35.7168042378829,0.125225883038472,"Ahya_150a"
"101","Sykes_2021","Sykes","Sykes_151_2021","151","2021",36.2158171882998,6.1801195464391,33.1257574150802,39.3058769615193,1.56996471490979,"Ahya_151a"
"102","Sykes_2021","Sykes","Sykes_152_2021","152","2021",36.3104811764996,3.96971320729676,34.3256245728512,38.295337780148,1.00844483944623,"Ahya_152a"
"103","Sykes_2021","Sykes","Sykes_153_2021","153","2021",35.8629230550751,1.75773882135221,34.984053644399,36.7417924657512,0.446526625709064,"Ahya_153a"
"104","Sykes_2021","Sykes","Sykes_154_2021","154","2021",35.6970389051765,1.47573646442542,34.9591706729638,36.4349071373892,0.374888246132485,"Ahya_154a"
"105","Sykes_2021","Sykes","Sykes_155_2021","155","2021",36.1444834838668,3.12553087816789,34.5817180447829,37.7072489229508,0.793993248384963,"Ahya_155a"
"106","Sykes_2021","Sykes","Sykes_156_2021","156","2021",35.8341045800804,1.88450265756043,34.8918532513002,36.7763559088607,0.478729036759217,"Ahya_156a"
"107","Sykes_2021","Sykes","Sykes_157_2021","157","2021",36.4280133427925,4.17971524864714,34.3381557184689,38.5178709671161,1.06179264162088,"Ahya_157a"
"108","Sykes_2021","Sykes","Sykes_158_2021","158","2021",35.6605426030704,0.863941093235056,35.2285720564529,36.092513149688,0.219471002453527,"Ahya_158a"
"109","Sykes_2021","Sykes","Sykes_159_2021","159","2021",36.0065308075985,1.38318287878823,35.3149393682044,36.6981222469927,0.351376425269327,"Ahya_159a"
"110","Sykes_2021","Sykes","Sykes_160_2021","160","2021",35.9728223898942,1.51331947085016,35.2161626544691,36.7294821253193,0.384435633286358,"Ahya_160a"
"111","Sykes_2021","Sykes","Sykes_161_2021","161","2021",35.7701594265958,0.977732125435494,35.2812933638781,36.2590254893136,0.248377871339384,"Ahya_161a"
"112","Hicks-20March_2021","Hicks-20March","Hicks-20March_1_2021","1","2021",36.6883810052007,0.72581591894641,36.3254730457275,37.0512889646739,0.183915614549492,"Ahya_1b"
"113","Hicks-20March_2021","Hicks-20March","Hicks-20March_2_2021","2","2021",37.1562468910377,0.515357454426308,36.8985681638246,37.4139256182509,0.130587219802319,"Ahya_2b"
"114","Hicks-20March_2021","Hicks-20March","Hicks-20March_3_2021","3","2021",36.6607317573207,0.719918435798675,36.3007725394214,37.02069097522,0.182421242203698,"Ahya_3b"
"115","Hicks-20March_2021","Hicks-20March","Hicks-20March_4_2021","4","2021",36.931462574922,0.492873018140713,36.6850260658517,37.1778990839924,0.124889853832077,"Ahya_4b"
"116","Hicks-20March_2021","Hicks-20March","Hicks-20March_5_2021","5","2021",36.4585514839375,0.874342471161441,36.0213802483568,36.8957227195182,0.221550986569438,"Ahya_5b"
"117","Hicks-20March_2021","Hicks-20March","Hicks-20March_6_2021","6","2021",36.4786214785057,0.82571723990543,36.065762858553,36.8914800984584,0.209229764265519,"Ahya_6b"
"118","Hicks-20March_2021","Hicks-20March","Hicks-20March_7_2021","7","2021",36.4306114422148,0.843283182605845,36.0089698509119,36.8522530335178,0.213680825564337,"Ahya_7b"
"119","Hicks-20March_2021","Hicks-20March","Hicks-20March_8_2021","8","2021",36.4332575623145,0.924886589459803,35.9708142675846,36.8957008570444,0.234358438618986,"Ahya_8b"
"120","Hicks-20March_2021","Hicks-20March","Hicks-20March_9_2021","9","2021",36.389602914378,0.753601274542262,36.0128022771069,36.7664035516491,0.190956188635146,"Ahya_9b"
"121","Hicks-20March_2021","Hicks-20March","Hicks-20March_10_2021","10","2021",36.0675408724695,0.901567235452433,35.6167572547432,36.5183244901957,0.228449511560195,"Ahya_10b"
"122","Hicks-20March_2021","Hicks-20March","Hicks-20March_11_2021","11","2021",36.5113552952573,0.774786580600392,36.1239620049571,36.8987485855574,0.196324365994433,"Ahya_11b"
"123","Hicks-20March_2021","Hicks-20March","Hicks-20March_12_2021","12","2021",36.034908057401,0.978569256773213,35.5456234290144,36.5241926857876,0.247961172441541,"Ahya_12b"
"124","Hicks-20March_2021","Hicks-20March","Hicks-20March_13_2021","13","2021",36.3203518955178,0.76407298032376,35.9383154053559,36.7023883856797,0.193609630305289,"Ahya_13b"
"125","Hicks-20March_2021","Hicks-20March","Hicks-20March_14_2021","14","2021",36.5789100324293,0.811570992541533,36.1731245361586,36.9846955287001,0.205645224839494,"Ahya_14b"
"126","Hicks-20March_2021","Hicks-20March","Hicks-20March_15_2021","15","2021",36.4751746059213,0.829441603676699,36.060453804083,36.8898954077597,0.210173486542642,"Ahya_15b"
"127","Hicks-20March_2021","Hicks-20March","Hicks-20March_16_2021","16","2021",36.1968946072137,0.871782175274276,35.7610035195765,36.6327856948508,0.220902229247881,"Ahya_16b"
"128","Hicks-20March_2021","Hicks-20March","Hicks-20March_17_2021","17","2021",36.1275440741437,0.887788313247725,35.6836499175198,36.5714382307675,0.224958049222491,"Ahya_17b"
"129","Hicks-20March_2021","Hicks-20March","Hicks-20March_18_2021","18","2021",36.1847173783453,0.822812118939069,35.7733113188758,36.5961234378149,0.208493631185598,"Ahya_18b"
"130","Hicks-20March_2021","Hicks-20March","Hicks-20March_19_2021","19","2021",36.321309749108,0.770934024363527,35.9358427369262,36.7067767612897,0.195348160830847,"Ahya_19b"
"131","Hicks-20March_2021","Hicks-20March","Hicks-20March_20_2021","20","2021",36.2852616795568,0.820044986976725,35.8752391860684,36.6952841730451,0.207792463352118,"Ahya_20b"
"132","Hicks-21March_2021","Hicks-21March","Hicks-21March_21_2021","21","2021",36.6126114920395,0.681945559271526,36.2716387124037,36.9535842716752,0.172951783606111,"Ahya_21b"
"133","Hicks-21March_2021","Hicks-21March","Hicks-21March_22_2021","22","2021",36.3440085352271,0.685454960730567,36.0012810548618,36.6867360155924,0.173841821283573,"Ahya_22b"
"134","Hicks-21March_2021","Hicks-21March","Hicks-21March_23_2021","23","2021",36.3092530728095,0.735213205776233,35.9416464699214,36.6768596756976,0.186461270318407,"Ahya_23b"
"135","Hicks-21March_2021","Hicks-21March","Hicks-21March_24_2021","24","2021",36.2033874828778,0.731150625310448,35.8378121702226,36.5689627955331,0.185430938016879,"Ahya_24b"
"136","Hicks-21March_2021","Hicks-21March","Hicks-21March_25_2021","25","2021",36.8965441347786,0.642854318872892,36.5751169753421,37.217971294215,0.163037649466808,"Ahya_25b"
"137","Hicks-21March_2021","Hicks-21March","Hicks-21March_26_2021","26","2021",36.6544044412509,0.778506623036847,36.2651511297325,37.0436577527693,0.197441140532132,"Ahya_26b"
"138","Hicks-21March_2021","Hicks-21March","Hicks-21March_27_2021","27","2021",36.3119869567976,0.766069287640491,35.9289523129774,36.6950216006179,0.194286842786713,"Ahya_27b"
"139","Hicks-21March_2021","Hicks-21March","Hicks-21March_28_2021","28","2021",36.0441894024922,0.712784746759695,35.6877970291123,36.400581775872,0.180773071403247,"Ahya_28b"
"140","Hicks-21March_2021","Hicks-21March","Hicks-21March_29_2021","29","2021",36.4838856499568,0.675297378309793,36.1462369608019,36.8215343391117,0.171265703625919,"Ahya_29b"
"141","Hicks-21March_2021","Hicks-21March","Hicks-21March_30_2021","30","2021",35.644052210599,0.714061566915305,35.2870214271413,36.0010829940566,0.181096892447691,"Ahya_30b"
"142","Hicks-21March_2021","Hicks-21March","Hicks-21March_31_2021","31","2021",36.2530728258851,0.719349222134355,35.8933982148179,36.6127474369522,0.182437922371259,"Ahya_31b"
"143","Hicks-21March_2021","Hicks-21March","Hicks-21March_32_2021","32","2021",36.1049482601584,0.710156773083639,35.7498698736166,36.4600266467002,0.180106577240531,"Ahya_32b"
"144","Hicks-21March_2021","Hicks-21March","Hicks-21March_33_2021","33","2021",36.429678382243,0.694419935468176,36.0824684145089,36.776888349977,0.176115475462814,"Ahya_33b"
"145","Hicks-21March_2021","Hicks-21March","Hicks-21March_34_2021","34","2021",36.4347797015275,0.667598568952698,36.1009804170512,36.7685789860039,0.169313168277825,"Ahya_34b"
"146","Hicks-21March_2021","Hicks-21March","Hicks-21March_35_2021","35","2021",36.5141759172629,0.69860696889549,36.1648724328151,36.8634794017106,0.17717737093149,"Ahya_35b"
"147","Hicks-21March_2021","Hicks-21March","Hicks-21March_36_2021","36","2021",36.0254516123551,0.718943389743814,35.6659799174832,36.384923307227,0.182334997093963,"Ahya_36b"
"148","Hicks-21March_2021","Hicks-21March","Hicks-21March_37_2021","37","2021",35.8954964940918,0.628848782611101,35.5810721027862,36.2099208853973,0.159485632089608,"Ahya_37b"
"149","Hicks-21March_2021","Hicks-21March","Hicks-21March_38_2021","38","2021",36.2000713234923,0.691998356846057,35.8540721450693,36.5460705019153,0.17550132623031,"Ahya_38b"
"150","Hicks-21March_2021","Hicks-21March","Hicks-21March_39_2021","39","2021",36.153065211436,0.674544204586738,35.8157931091426,36.4903373137294,0.17107468729478,"Ahya_39b"
"151","Hicks-21March_2021","Hicks-21March","Hicks-21March_40_2021","40","2021",36.2448453613629,0.684822217456116,35.9024342526348,36.5872564700909,0.17368134794902,"Ahya_40b"
"152","Hicks-21March_2021","Hicks-21March","Hicks-21March_41_2021","41","2021",36.511687035888,0.690314754785859,36.1665296584951,36.856844413281,0.175074339097339,"Ahya_41b"
"153","Hicks-21March_2021","Hicks-21March","Hicks-21March_42_2021","42","2021",36.5144091898223,0.715676861706243,36.1565707589692,36.8722476206754,0.181506555816479,"Ahya_42b"
"154","Hicks-21March_2021","Hicks-21March","Hicks-21March_43_2021","43","2021",36.4356776158888,0.729432577206495,36.0709613272856,36.8003939044921,0.184995214842411,"Ahya_43b"
"155","Martin_2021","Martin","Martin_131_2021","131","2021",37.2426927626948,0.506792581447954,36.9892964719708,37.4960890534188,0.128706675989026,"Ahya_131b"
"156","Martin_2021","Martin","Martin_132_2021","132","2021",37.222560791669,0.957480378193509,36.7438206025722,37.7013009807657,0.243164800182971,"Ahya_132b"
"157","Martin_2021","Martin","Martin_133_2021","133","2021",36.7022328459032,NA,NA,NA,NA,"Ahya_133b"
"158","Martin_2021","Martin","Martin_134_2021","134","2021",36.9585853706692,1.5620191444502,36.1775757984441,37.7395949428943,0.396695412034274,"Ahya_134b"
"159","Martin_2021","Martin","Martin_135_2021","135","2021",37.363503920187,0.176654874284708,37.2751764830447,37.4518313573294,0.0448638407481878,"Ahya_135"
"160","Martin_2021","Martin","Martin_136_2021","136","2021",37.2630890058471,0.461848013175995,37.0321649992591,37.4940130124351,0.11729240869743,"Ahya_136"
"161","Martin_2021","Martin","Martin_137_2021","137","2021",37.357054312025,0.270960726952424,37.2215739485488,37.4925346755013,0.0688140587811634,"Ahya_137"
"162","Martin_2021","Martin","Martin_138_2021","138","2021",37.1987530820177,0.434063621489571,36.9817212712729,37.4157848927625,0.110236195111746,"Ahya_138"
"163","Martin_2021","Martin","Martin_139_2021","139","2021",37.1633022228338,0.557604265353831,36.8845000901569,37.4421043555108,0.141610974860662,"Ahya_139"
"164","Martin_2021","Martin","Martin_140_2021","140","2021",37.2325536394897,0.724600211195778,36.8702535338918,37.5948537450876,0.184021803037252,"Ahya_140"
"165","Martin_2021","Martin","Martin_141_2021","141","2021",37.3116149154096,0.494944700383584,37.0641425652178,37.5590872656014,0.125697749960647,"Ahya_141b"
"166","Martin_2021","Martin","Martin_142_2021","142","2021",37.5224769269102,0.415612930103293,37.3146704618585,37.7302833919618,0.10555039811124,"Ahya_142b"
"167","Martin_2021","Martin","Martin_143_2021","143","2021",37.0408732493505,0.80192484798728,36.6399108253569,37.4418356733442,0.203659416802354,"Ahya_143b"
"168","Martin_2021","Martin","Martin_144_2021","144","2021",37.4082787430011,0.18939460674622,37.313581439628,37.5029760463742,0.0480992642293792,"Ahya_144b"
"169","Martin_2021","Martin","Martin_145_2021","145","2021",37.4308802906379,0.233795660102416,37.3139824605867,37.5477781206891,0.0593754987227124,"Ahya_145b"
"170","Martin_2021","Martin","Martin_146_2021","146","2021",37.4808114855417,0.167249603920496,37.3971866835814,37.5644362875019,0.0424752479990645,"Ahya_146"
"171","Martin_2021","Martin","Martin_147_2021","147","2021",37.5274495475288,0.334758976597726,37.36007005923,37.6948290358277,0.0850164677081148,"Ahya_147"
"172","Martin_2021","Martin","Martin_148_2021","148","2021",37.3454006764322,0.266214032761937,37.2122936600512,37.4785076928132,0.0676085730389526,"Ahya_148"
"173","Martin_2021","Martin","Martin_149_2021","149","2021",37.2986757183839,0.58235560429604,37.0074979162359,37.5898535205319,0.147896904604201,"Ahya_149"
"174","Martin_2021","Martin","Martin_150_2021","150","2021",37.3450992503841,0.252362464927032,37.2189180179206,37.4712804828476,0.0640907842659333,"Ahya_150b"
"175","Martin_2021","Martin","Martin_151_2021","151","2021",37.3898171003755,0.25747906913189,37.2610775658095,37.5185566349414,0.0653902135466008,"Ahya_151b"
"176","Martin_2021","Martin","Martin_152_2021","152","2021",37.1843241273534,1.03430690251989,36.6671706760935,37.7014775786134,0.262675911702377,"Ahya_152b"
"177","Martin_2021","Martin","Martin_153_2021","153","2021",37.2572187018884,NA,NA,NA,NA,"Ahya_153b"
"178","Martin_2021","Martin","Martin_154_2021","154","2021",37.2330195164658,NA,NA,NA,NA,"Ahya_154b"
"179","Martin_2021","Martin","Martin_155_2021","155","2021",37.9720368431561,1.21982986581374,37.3621219102493,38.581951776063,0.309791920892887,"Ahya_155b"
"180","Martin_2021","Martin","Martin_156_2021","156","2021",37.4209994223458,0.219330717071983,37.3113340638098,37.5306647808818,0.0557019352098076,"Ahya_156b"
"181","Martin_2021","Martin","Martin_157_2021","157","2021",37.5221819997497,0.334874295268605,37.3547448521154,37.689619147384,0.0850457544091284,"Ahya_157b"
"182","Martin_2021","Martin","Martin_158_2021","158","2021",37.390047321752,0.349888554984531,37.2151030442597,37.5649915992442,0.0888588241564215,"Ahya_158b"
"183","Martin_2021","Martin","Martin_159_2021","159","2021",36.6803365446231,0.856415074830906,36.2521290072077,37.1085440820386,0.217497930284325,"Ahya_159b"
"184","Martin_2021","Martin","Martin_160_2021","160","2021",37.1690317378389,0.652633084135573,36.8427151957711,37.4953482799067,0.165744799696092,"Ahya_160b"
"185","NoName_2021","NoName","NoName_97_2021","97","2021",35.9101544514585,1.13052673913826,35.3448910818893,36.4754178210276,0.287241478027362,"Ahya_97b"
"186","NoName_2021","NoName","NoName_98_2021","98","2021",35.4539402829065,1.00066475424488,34.9536079057841,35.9542726600289,0.254246461466519,"Ahya_98b"
"187","NoName_2021","NoName","NoName_99_2021","99","2021",35.7526700599146,1.07109802006056,35.2171210498843,36.2882190699449,0.272141973951798,"Ahya_99b"
"188","NoName_2021","NoName","NoName_100_2021","100","2021",35.9815446961222,1.14023232784082,35.4114285322018,36.5516608600426,0.289707450345871,"Ahya_100b"
"189","NoName_2021","NoName","NoName_101_2021","101","2021",35.8016393695359,1.19451871143889,35.2043800138164,36.3988987252553,0.303500402358094,"Ahya_101b"
"190","NoName_2021","NoName","NoName_102_2021","102","2021",36.4625786597972,1.08153883064963,35.9218092444724,37.003348075122,0.274794749655003,"Ahya_102b"
"191","NoName_2021","NoName","NoName_103_2021","103","2021",36.5624169865002,1.48169336198177,35.8215703055093,37.303263667491,0.376465037530549,"Ahya_103b"
"192","NoName_2021","NoName","NoName_104_2021","104","2021",36.1538789215851,1.16851666100796,35.5696205910811,36.738137252089,0.296893864769061,"Ahya_104b"
"193","NoName_2021","NoName","NoName_105_2021","105","2021",35.917121772872,1.01559637181558,35.4093235869642,36.4249199587798,0.258040250460503,"Ahya_105b"
"194","NoName_2021","NoName","NoName_106_2021","106","2021",35.7040594953599,1.04048068480256,35.1838191529586,36.2242998377612,0.264362796044453,"Ahya_106b"
"195","NoName_2021","NoName","NoName_107_2021","107","2021",35.5528616685422,1.10236862885648,35.001677354114,36.1040459829705,0.280087134007194,"Ahya_107b"
"196","NoName_2021","NoName","NoName_108_2021","108","2021",35.5693396502488,1.09862077082603,35.0200292648357,36.1186500356618,0.279134887374863,"Ahya_108b"
"197","NoName_2021","NoName","NoName_109_2021","109","2021",36.8368754695273,NA,NA,NA,NA,"Ahya_109b"
"198","NoName_2021","NoName","NoName_110_2021","110","2021",37.0596294546149,1.60303294767294,36.2581129807784,37.8611459284514,0.407294703676906,"Ahya_110b"
"199","NoName_2021","NoName","NoName_111_2021","111","2021",36.5641629226574,1.09347700092195,36.0174244221964,37.1109014231184,0.277827970856454,"Ahya_111b"
"200","NoName_2021","NoName","NoName_113_2021","113","2021",36.1006573640945,1.12854769431986,35.5363835169346,36.6649312112544,0.286738647144164,"Ahya_113b"
"201","NoName_2021","NoName","NoName_112_2021","112","2021",36.2355779612929,1.13136945975243,35.6698932314167,36.8012626911691,0.287455594426735,"Ahya_112b"
"202","NoName_2021","NoName","NoName_114_2021","114","2021",35.1393401620179,1.17496968973002,34.5518553171528,35.7268250068829,0.298533434576398,"Ahya_114b"
"203","NoName_2021","NoName","NoName_115_2021","115","2021",36.6087143421807,1.14439157724911,36.0365185535561,37.1809101308052,0.290764222296645,"Ahya_115b"
"204","NoName_2021","NoName","NoName_116_2021","116","2021",35.7518843348074,1.18619732391286,35.158785672851,36.3449829967638,0.301386124500291,"Ahya_116b"
"205","NoName_2021","NoName","NoName_117_2021","117","2021",36.6315800653872,1.24818417693426,36.00748797692,37.2556721538543,0.317135593012378,"Ahya_117b"
"206","NoName_2021","NoName","NoName_118_2021","118","2021",37.1791393416474,0.693967703745059,36.8321554897749,37.52612319352,0.176321622502203,"Ahya_118b"
"207","NoName_2021","NoName","NoName_119_2021","119","2021",36.3953134605068,1.21301167521017,35.7888076229017,37.0018192981119,0.30819904951333,"Ahya_119b"
"208","NoName_2021","NoName","NoName_120_2021","120","2021",37.2080156005829,0.710802415068102,36.8526143930489,37.563416808117,0.180598944917668,"Ahya_120b"
"209","NoName_2021","NoName","NoName_121_2021","121","2021",36.8767230682016,NA,NA,NA,NA,"Ahya_121b"
"210","NoName_2021","NoName","NoName_122_2021","122","2021",35.6474204887564,1.05612208140656,35.1193594480531,36.1754815294597,0.268336923965007,"Ahya_122b"
"211","NoName_2021","NoName","NoName_123_2021","123","2021",37.0753531950828,2.19774395239675,35.9764812188844,38.1742251712812,0.558397426047022,"Ahya_123b"
"212","NoName_2021","NoName","NoName_124_2021","124","2021",36.5889950835287,5.36074077477625,33.9086246961406,39.2693654709168,1.36204394832978,"Ahya_124b"
"213","NoName_2021","NoName","NoName_125_2021","125","2021",36.6298213125505,1.07799556982842,36.0908235276363,37.1688190974648,0.273894486582853,"Ahya_125b"
"214","NoName_2021","NoName","NoName_126_2021","126","2021",36.3993062020428,1.14600475659185,35.8263038237469,36.9723085803388,0.291174094971648,"Ahya_126b"
"215","NoName_2021","NoName","NoName_127_2021","127","2021",36.2751046462987,1.25614243340047,35.6470334295985,36.903175862999,0.319157607415699,"Ahya_127b"
"216","NoName_2021","NoName","NoName_128_2021","128","2021",36.8513286169902,1.92216983320695,35.8902437003867,37.8124135335937,0.488380225602473,"Ahya_128b"
"217","NoName_2021","NoName","NoName_129_2021","129","2021",36.3128382415,1.12513187484636,35.7502723040769,36.8754041789232,0.285870764058984,"Ahya_129b"
"218","NoName_2021","NoName","NoName_130_2021","130","2021",36.8729232308149,1.04809810612024,36.3488741777548,37.3969722838751,0.266298211884075,"Ahya_130b"
"219","NorthDirection-23March_2021","NorthDirection-23March","NorthDirection-23March_44_2021","44","2021",36.4703175241068,1.09745120024945,35.9215919239821,37.0190431242316,0.278668970783837,"Ahya_44b"
"220","NorthDirection-23March_2021","NorthDirection-23March","NorthDirection-23March_45_2021","45","2021",36.3714239872139,1.10994034065791,35.816453816885,36.9263941575429,0.281840260680652,"Ahya_45b"
"221","NorthDirection-23March_2021","NorthDirection-23March","NorthDirection-23March_46_2021","46","2021",36.2967818387436,1.03501371150521,35.779274982991,36.8142886944962,0.262814606851545,"Ahya_46"
"222","NorthDirection-23March_2021","NorthDirection-23March","NorthDirection-23March_47_2021","47","2021",36.0520960170994,1.03629431804056,35.5339488580792,36.5702431761197,0.263139783319623,"Ahya_47b"
"223","NorthDirection-23March_2021","NorthDirection-23March","NorthDirection-23March_48_2021","48","2021",36.6995193767879,0.998444911416343,36.2002969210798,37.1987418324961,0.253528918448042,"Ahya_48b"
"224","NorthDirection-23March_2021","NorthDirection-23March","NorthDirection-23March_49_2021","49","2021",36.2137206512506,1.02370674868989,35.7018672769056,36.7255740255955,0.259943499972515,"Ahya_49b"
"225","NorthDirection-23March_2021","NorthDirection-23March","NorthDirection-23March_50_2021","50","2021",36.860829943673,1.34004271922153,36.1908085840622,37.5308513032838,0.34026872929471,"Ahya_50b"
"226","NorthDirection-23March_2021","NorthDirection-23March","NorthDirection-23March_51_2021","51","2021",36.549461646672,1.52746269398055,35.7857302996817,37.3131929936623,0.387859120064306,"Ahya_51b"
"227","NorthDirection-23March_2021","NorthDirection-23March","NorthDirection-23March_52_2021","52","2021",36.4946540484774,0.973594148478739,36.007856974238,36.9814511227167,0.24721871847793,"Ahya_52b"
"228","NorthDirection-23March_2021","NorthDirection-23March","NorthDirection-23March_53_2021","53","2021",36.153358280346,0.989598955068772,35.6585588028116,36.6481577578804,0.251282719664522,"Ahya_53b"
"229","NorthDirection-23March_2021","NorthDirection-23March","NorthDirection-23March_54_2021","54","2021",36.3840473357058,1.19779439756326,35.7851501369242,36.9829445344875,0.304148495991192,"Ahya_54b"
"230","NorthDirection-23March_2021","NorthDirection-23March","NorthDirection-23March_55_2021","55","2021",36.3079813016454,1.13609835283926,35.7399321252258,36.876030478065,0.288482402336399,"Ahya_55b"
"231","NorthDirection-23March_2021","NorthDirection-23March","NorthDirection-23March_56_2021","56","2021",36.4329652924862,1.1665088775294,35.8497108537215,37.0162197312508,0.296204358095775,"Ahya_56b"
"232","NorthDirection-23March_2021","NorthDirection-23March","NorthDirection-23March_57_2021","57","2021",36.4197681180109,1.10549028554871,35.8670229752366,36.9725132607853,0.280710285810763,"Ahya_57b"
"233","NorthDirection-23March_2021","NorthDirection-23March","NorthDirection-23March_58_2021","58","2021",35.8883633310597,0.952032223663963,35.4123472192278,36.3643794428917,0.241743632756683,"Ahya_58b"
"234","NorthDirection-23March_2021","NorthDirection-23March","NorthDirection-23March_59_2021","59","2021",36.3490288903272,1.0655081437785,35.8162748184379,36.8817829622164,0.270557868742647,"Ahya_59b"
"235","NorthDirection-23March_2021","NorthDirection-23March","NorthDirection-23March_60_2021","60","2021",35.2169185324476,0.980323045780239,34.7267570095575,35.7070800553377,0.248927345599658,"Ahya_60b"
"236","NorthDirection-23March_2021","NorthDirection-23March","NorthDirection-23March_61_2021","61","2021",35.9909933800893,1.0272762495174,35.4773552553306,36.504631504848,0.260849881159748,"Ahya_61b"
"237","NorthDirection-23March_2021","NorthDirection-23March","NorthDirection-23March_62_2021","62","2021",36.1981683604117,1.14382394886759,35.6262563859779,36.7700803348455,0.290444114978766,"Ahya_62"
"238","NorthDirection-23March_2021","NorthDirection-23March","NorthDirection-23March_63_2021","63","2021",35.964518110301,1.03721346903542,35.4459113757832,36.4831248448187,0.263373177626063,"Ahya_63"
"239","NorthDirection-23March_2021","NorthDirection-23March","NorthDirection-23March_64_2021","64","2021",37.0050827391461,0.839796222308792,36.5851846279917,37.4249808503005,0.213244241644413,"Ahya_64"
"240","NorthDirection-23March_2021","NorthDirection-23March","NorthDirection-23March_65_2021","65","2021",36.5374534417723,1.22798252813739,35.9234621777036,37.151444705841,0.311813980593212,"Ahya_65"
"241","NorthDirection-23March_2021","NorthDirection-23March","NorthDirection-23March_66_2021","66","2021",36.8860045279028,0.965231038921175,36.4033890084422,37.3686200473634,0.245095125982492,"Ahya_66"
"242","NorthDirection-23March_2021","NorthDirection-23March","NorthDirection-23March_67_2021","67","2021",36.5593274289064,1.06141326427677,36.028620796768,37.0900340610448,0.269518081409986,"Ahya_67b"
"243","NorthDirection-23March_2021","NorthDirection-23March","NorthDirection-23March_68_2021","68","2021",37.1020330467808,0.908639582361261,36.6477132556001,37.5563528379614,0.230725208713166,"Ahya_68b"
"244","NorthDirection-23March_2021","NorthDirection-23March","NorthDirection-23March_69_2021","69","2021",36.8498336987422,0.994119815964538,36.3527737907599,37.3468936067244,0.252430673808261,"Ahya_69b"
"245","NorthDirection-23March_2021","NorthDirection-23March","NorthDirection-23March_70_2021","70","2021",36.3426941660484,1.11957693996872,35.782905696064,36.9024826360327,0.284287222523867,"Ahya_70b"
"246","NorthDirection-23March_2021","NorthDirection-23March","NorthDirection-23March_71_2021","71","2021",36.0700849444295,1.10036059539746,35.5199046467308,36.6202652421283,0.279407735433523,"Ahya_71b"
"247","NorthDirection-23March_2021","NorthDirection-23March","NorthDirection-23March_72_2021","72","2021",35.9326616093028,0.961510737364534,35.4519062406205,36.413416977985,0.244150452902214,"Ahya_72b"
"248","NorthDirection-24March_2021","NorthDirection-24March","NorthDirection-24March_73_2021","73","2021",36.4408917012742,0.636196842261981,36.1227932801433,36.7589901224052,0.161362765903044,"Ahya_73b"
"249","NorthDirection-24March_2021","NorthDirection-24March","NorthDirection-24March_74_2021","74","2021",36.4867129871188,0.639729002762166,36.1668484857377,36.8065774884999,0.162258650871441,"Ahya_74b"
"250","NorthDirection-24March_2021","NorthDirection-24March","NorthDirection-24March_75_2021","75","2021",35.7022603687663,0.648422327408696,35.3780492050619,36.0264715324706,0.164463595656878,"Ahya_75b"
"251","NorthDirection-24March_2021","NorthDirection-24March","NorthDirection-24March_76_2021","76","2021",36.5734506413243,0.642776066976865,36.2520626078358,36.8948386748127,0.163031497696361,"Ahya_76b"
"252","NorthDirection-24March_2021","NorthDirection-24March","NorthDirection-24March_77_2021","77","2021",36.4375026611145,0.658514624922717,36.1082453486532,36.7667599735759,0.16702337108014,"Ahya_77b"
"253","NorthDirection-24March_2021","NorthDirection-24March","NorthDirection-24March_78_2021","78","2021",36.3692782348307,0.644282314155518,36.047137077753,36.6914193919085,0.163413537019312,"Ahya_78b"
"254","NorthDirection-24March_2021","NorthDirection-24March","NorthDirection-24March_79_2021","79","2021",36.0818699127607,0.657167815281483,35.7532860051199,36.4104538204014,0.166681770942544,"Ahya_79b"
"255","NorthDirection-24March_2021","NorthDirection-24March","NorthDirection-24March_80_2021","80","2021",36.8222380765969,0.671645798606136,36.4864151772939,37.1580609759,0.170353916540841,"Ahya_80b"
"256","NorthDirection-24March_2021","NorthDirection-24March","NorthDirection-24March_82_2021","82","2021",36.2905469519921,0.639482690760218,35.970805606612,36.6102882973723,0.162196177147477,"Ahya_82b"
"257","NorthDirection-24March_2021","NorthDirection-24March","NorthDirection-24March_81_2021","81","2021",36.9466750172291,0.738423052336699,36.5774634910608,37.3158865433975,0.187291068135405,"Ahya_81b"
"258","NorthDirection-24March_2021","NorthDirection-24March","NorthDirection-24March_83_2021","83","2021",36.5475593078535,0.728601251468717,36.1832586821192,36.9118599335879,0.184799900545556,"Ahya_83b"
"259","NorthDirection-24March_2021","NorthDirection-24March","NorthDirection-24March_84_2021","84","2021",35.7500389609677,0.626744232842427,35.4366668445465,36.0634110773889,0.158965238754815,"Ahya_84b"
"260","NorthDirection-24March_2021","NorthDirection-24March","NorthDirection-24March_85_2021","85","2021",36.0004015332599,0.709383577735764,35.6457097443921,36.3550933221278,0.179925596270884,"Ahya_85"
"261","NorthDirection-24March_2021","NorthDirection-24March","NorthDirection-24March_86_2021","86","2021",36.8391344291369,0.683006880529362,36.4976309888723,37.1806378694016,0.173235502051807,"Ahya_86"
"262","NorthDirection-24March_2021","NorthDirection-24March","NorthDirection-24March_87_2021","87","2021",36.5085851322767,0.683708268266955,36.1667309981433,36.8504392664102,0.173413399610848,"Ahya_87"
"263","NorthDirection-24March_2021","NorthDirection-24March","NorthDirection-24March_88_2021","88","2021",35.9069927578622,0.668629530782411,35.572677992471,36.2413075232534,0.169588880805973,"Ahya_88"
"264","NorthDirection-24March_2021","NorthDirection-24March","NorthDirection-24March_89_2021","89","2021",36.4667981804532,0.631450705722159,36.1510728275922,36.7825235333143,0.160158972252174,"Ahya_89"
"265","NorthDirection-24March_2021","NorthDirection-24March","NorthDirection-24March_90_2021","90","2021",36.0606592503498,0.673280066046473,35.7240192173266,36.3972992833731,0.170768426480033,"Ahya_90"
"266","NorthDirection-24March_2021","NorthDirection-24March","NorthDirection-24March_91_2021","91","2021",36.6451842735566,0.639501395282039,36.3254335759156,36.9649349711976,0.162200921297675,"Ahya_91"
"267","NorthDirection-24March_2021","NorthDirection-24March","NorthDirection-24March_92_2021","92","2021",36.5180442005676,0.643689644994012,36.1961993780706,36.8398890230646,0.163263214463755,"Ahya_92"
"268","NorthDirection-24March_2021","NorthDirection-24March","NorthDirection-24March_93_2021","93","2021",36.6399165540342,0.655708441182909,36.3120623334427,36.9677707746256,0.16631162034545,"Ahya_93"
"269","NorthDirection-24March_2021","NorthDirection-24March","NorthDirection-24March_94_2021","94","2021",36.6619245995613,0.707618691530726,36.3081152537959,37.0157339453266,0.17947795664014,"Ahya_94"
"270","NorthDirection-24March_2021","NorthDirection-24March","NorthDirection-24March_95_2021","95","2021",36.9912163096174,0.633384335662072,36.6745241417864,37.3079084774485,0.160649411459995,"Ahya_95b"
"271","NorthDirection-24March_2021","NorthDirection-24March","NorthDirection-24March_96_2021","96","2021",36.8761052540055,0.692638410531913,36.5297860487395,37.2224244592714,0.175678409997661,"Ahya_96b"
"272","StCrispin-30Mar_2021","StCrispin-30Mar","StCrispin-30Mar_161_2021","161","2021",37.8821665257489,NA,NA,NA,NA,"Ahya_161b"
"273","StCrispin-30Mar_2021","StCrispin-30Mar","StCrispin-30Mar_162_2021","162","2021",37.5412487785525,0.702063508531566,37.1902170242867,37.8922805328182,0.178209116272798,"Ahya_162"
"274","StCrispin-30Mar_2021","StCrispin-30Mar","StCrispin-30Mar_163_2021","163","2021",37.3266816466692,1.61579998840409,36.5187816524671,38.1345816408712,0.410148490140679,"Ahya_163"
"275","StCrispin-30Mar_2021","StCrispin-30Mar","StCrispin-30Mar_164_2021","164","2021",37.4098320842242,0.518452402494802,37.1506058829768,37.6690582854716,0.13160197525628,"Ahya_164"
"276","StCrispin-30Mar_2021","StCrispin-30Mar","StCrispin-30Mar_165_2021","165","2021",37.4603675446622,0.334877239817317,37.2929289247536,37.6278061645709,0.0850039579646304,"Ahya_165"
"277","StCrispin-30Mar_2021","StCrispin-30Mar","StCrispin-30Mar_166_2021","166","2021",37.2567107446507,1.03590927833142,36.738756105485,37.7746653838164,0.262951249832597,"Ahya_166"
"278","StCrispin-30Mar_2021","StCrispin-30Mar","StCrispin-30Mar_167_2021","167","2021",37.2643290883413,1.06150479224296,36.7335766922198,37.7950814844628,0.269448317205125,"Ahya_167"
"279","StCrispin-30Mar_2021","StCrispin-30Mar","StCrispin-30Mar_168_2021","168","2021",37.3430706165725,0.84648692079567,36.9198271561747,37.7663140769703,0.21486900295815,"Ahya_168"
"280","StCrispin-30Mar_2021","StCrispin-30Mar","StCrispin-30Mar_169_2021","169","2021",37.5396068647363,0.164926896188021,37.4571434166423,37.6220703128304,0.0418644126380504,"Ahya_169"
"281","StCrispin-30Mar_2021","StCrispin-30Mar","StCrispin-30Mar_170_2021","170","2021",37.6402111978043,0.471926477594693,37.404247959007,37.8761744366017,0.119792012397553,"Ahya_170"
"282","StCrispin-30Mar_2021","StCrispin-30Mar","StCrispin-30Mar_171_2021","171","2021",38.0728449148022,NA,NA,NA,NA,"Ahya_171"
"283","StCrispin-30Mar_2021","StCrispin-30Mar","StCrispin-30Mar_172_2021","172","2021",37.4201050697257,0.662614670060989,37.0887977346952,37.7514124047562,0.168195573970143,"Ahya_172"
"284","StCrispin-30Mar_2021","StCrispin-30Mar","StCrispin-30Mar_173_2021","173","2021",37.7429800475641,0.924282668414961,37.2808387133566,38.2051213817716,0.234616378038237,"Ahya_173"
"285","StCrispin-30Mar_2021","StCrispin-30Mar","StCrispin-30Mar_174_2021","174","2021",37.4998905705154,0.304748031034123,37.3475165549983,37.6522645860324,0.0773560748229986,"Ahya_174"
"286","StCrispin-30Mar_2021","StCrispin-30Mar","StCrispin-30Mar_175_2021","175","2021",37.5869691090295,0.744049434693551,37.2149443916828,37.9589938263763,0.188866663213063,"Ahya_175"
"287","StCrispin-30Mar_2021","StCrispin-30Mar","StCrispin-30Mar_176_2021","176","2021",37.5619555620075,0.162459401238493,37.4807258613882,37.6431852626267,0.0412380731559108,"Ahya_176"
"288","StCrispin-30Mar_2021","StCrispin-30Mar","StCrispin-30Mar_177_2021","177","2021",37.6340023036819,0.545908712843371,37.3610479472602,37.9069566601036,0.138571380080587,"Ahya_177"
"289","StCrispin-30Mar_2021","StCrispin-30Mar","StCrispin-30Mar_178_2021","178","2021",37.5381116505534,0.556436301616074,37.2598934997453,37.8163298013614,0.141243662956518,"Ahya_178"
"290","StCrispin-30Mar_2021","StCrispin-30Mar","StCrispin-30Mar_179_2021","179","2021",37.5314693830084,0.491461967818225,37.2857383990993,37.7772003669175,0.124750826531013,"Ahya_179"
"291","StCrispin-30Mar_2021","StCrispin-30Mar","StCrispin-30Mar_180_2021","180","2021",37.4385849430635,0.438931252174982,37.219119316976,37.658050569151,0.111416630552732,"Ahya_180"
"292","StCrispin-30Mar_2021","StCrispin-30Mar","StCrispin-30Mar_181_2021","181","2021",37.6456524024615,0.637347794568385,37.3269785051773,37.9643262997457,0.161781926917143,"Ahya_181"
"293","StCrispin-30Mar_2021","StCrispin-30Mar","StCrispin-30Mar_182_2021","182","2021",37.7303378166304,0.758328829657003,37.3511734018019,38.1095022314589,0.192491290225325,"Ahya_182"
"294","StCrispin-30Mar_2021","StCrispin-30Mar","StCrispin-30Mar_183_2021","183","2021",37.6288043308478,0.255370452863275,37.5011191044162,37.7564895572795,0.0648222592029254,"Ahya_183"
"295","StCrispin-30Mar_2021","StCrispin-30Mar","StCrispin-30Mar_184_2021","184","2021",37.5765156052198,0.281363284004385,37.4358339632176,37.717197247222,0.0714201800616426,"Ahya_184"
"296","StCrispin-30Mar_2021","StCrispin-30Mar","StCrispin-30Mar_185_2021","185","2021",38.0718314850772,1.22716695324453,37.458248008455,38.6854149616995,0.31149936665175,"Ahya_185"
"297","StCrispin-30Mar_2021","StCrispin-30Mar","StCrispin-30Mar_186_2021","186","2021",37.6151154143229,0.368262871912108,37.4309839783668,37.7992468502789,0.0934784391469154,"Ahya_186"
"298","StCrispin-30Mar_2021","StCrispin-30Mar","StCrispin-30Mar_187_2021","187","2021",37.3828568954667,0.621782710522339,37.0719655402055,37.6937482507278,0.15783094550471,"Ahya_187"
"299","Chicken_2021","Chicken","Chicken_301_2021","301","2021",35.7718485501319,0.283675860731364,35.6300106197663,35.9136864804976,0.0720320503802451,"Ahya_301"
"300","Chicken_2021","Chicken","Chicken_302_2021","302","2021",35.7172685672103,0.435029102229478,35.4997540160955,35.934783118325,0.110464239459349,"Ahya_302"
"301","Chicken_2021","Chicken","Chicken_303_2021","303","2021",35.8082220702753,0.385859936069124,35.6152921022407,36.0011520383099,0.0979790183168601,"Ahya_303"
"302","Chicken_2021","Chicken","Chicken_304_2021","304","2021",35.8471196227347,0.447744886691154,35.6232471793891,36.0709920660803,0.113693079673691,"Ahya_304"
"303","Chicken_2021","Chicken","Chicken_305_2021","305","2021",36.2655092192996,1.08766094926894,35.7216787446652,36.8093396939341,0.276182993125935,"Ahya_305"
"304","Chicken_2021","Chicken","Chicken_306_2021","306","2021",35.8288627517965,0.330278848553618,35.6637233275197,35.9940021760734,0.0838656577870506,"Ahya_306"
"305","Chicken_2021","Chicken","Chicken_307_2021","307","2021",36.8595609015391,1.92827857777002,35.8954216126541,37.8237001904241,0.489635809345827,"Ahya_307"
"306","Chicken_2021","Chicken","Chicken_308_2021","308","2021",35.8469990040241,0.348694061536378,35.6726519732559,36.0213460347923,0.0885417185061994,"Ahya_308"
"307","Chicken_2021","Chicken","Chicken_309_2021","309","2021",35.7551005308223,0.177143220918026,35.6665289203633,35.8436721412813,0.0449808784603268,"Ahya_309"
"308","Chicken_2021","Chicken","Chicken_311_2021","311","2021",35.8970854799003,0.622507491608829,35.5858317340959,36.2083392257047,0.15806946309087,"Ahya_311"
"309","Chicken_2021","Chicken","Chicken_312_2021","312","2021",35.665921821666,0.550511056693182,35.3906662933194,35.9411773500126,0.139787855295015,"Ahya_312"
"310","Chicken_2021","Chicken","Chicken_313_2021","313","2021",35.6864302058869,0.485690081568507,35.4435851651026,35.9292752466711,0.123328267461777,"Ahya_313"
"311","Chicken_2021","Chicken","Chicken_314_2021","314","2021",35.7058675122182,0.3842275566967,35.5137537338699,35.8979812905666,0.0975645183559136,"Ahya_314"
"312","Chicken_2021","Chicken","Chicken_315_2021","315","2021",35.5946690472691,0.827240045918572,35.1810490243098,36.0082890702284,0.210055929716876,"Ahya_315"
"313","Chicken_2021","Chicken","Chicken_316_2021","316","2021",35.7477272783861,0.332398920795981,35.5815278179881,35.9139267387841,0.0844039945710739,"Ahya_316"
"314","Chicken_2021","Chicken","Chicken_317_2021","317","2021",35.6341427203216,0.557201607686082,35.3555419164785,35.9127435241646,0.141486745376636,"Ahya_317"
"315","Chicken_2021","Chicken","Chicken_318_2021","318","2021",35.4996564591031,NA,NA,NA,NA,"Ahya_318"
"316","Chicken_2021","Chicken","Chicken_319_2021","319","2021",35.6844927983637,NA,NA,NA,NA,"Ahya_319"
"317","Chicken_2021","Chicken","Chicken_320_2021","320","2021",35.6068017303177,0.803101366131798,35.2052510472518,36.0083524133836,0.203926544600953,"Ahya_320"
"318","Chicken_2021","Chicken","Chicken_321_2021","321","2021",35.5472349294833,0.619003359923752,35.2377332495215,35.8567366094452,0.15717968068419,"Ahya_321"
"319","Chicken_2021","Chicken","Chicken_322_2021","322","2021",35.4951020453242,NA,NA,NA,NA,"Ahya_322"
"320","Chicken_2021","Chicken","Chicken_323_2021","323","2021",35.5781606837835,NA,NA,NA,NA,"Ahya_323"
"321","Chicken_2021","Chicken","Chicken_324_2021","324","2021",35.7007252134798,0.526146450246642,35.4376519883564,35.9637984386031,0.133601102024832,"Ahya_324"
"322","Chicken_2021","Chicken","Chicken_325_2021","325","2021",36.010299179902,NA,NA,NA,NA,"Ahya_325"
"323","Chicken_2021","Chicken","Chicken_326_2021","326","2021",35.6265224520279,0.696784706364397,35.2781300988457,35.9749148052101,0.176930215153392,"Ahya_326"
"324","Chicken_2021","Chicken","Chicken_327_2021","327","2021",35.7563833916795,0.21507710708299,35.648844838138,35.863921945221,0.0546131946972754,"Ahya_327"
"325","Chicken_2021","Chicken","Chicken_328_2021","328","2021",35.7133362045824,0.313594506308959,35.556538951428,35.8701334577369,0.0796291063299403,"Ahya_328"
"326","Chicken_2021","Chicken","Chicken_329_2021","329","2021",35.9528630185963,0.598574700703324,35.6535756682446,36.2521503689479,0.151992358060498,"Ahya_329"
"327","Chicken_2021","Chicken","Chicken_330_2021","330","2021",35.5863900007705,NA,NA,NA,NA,"Ahya_330"
"328","Davies_2021","Davies","Davies_331_2021","331","2021",36.5361601886414,5.69621652693225,33.6880519251753,39.3842684521075,1.44569117488648,"Ahya_331"
"329","Davies_2021","Davies","Davies_332_2021","332","2021",35.9029771063056,2.65918009428367,34.5733870591638,37.2325671534474,0.674895902668593,"Ahya_332"
"330","Davies_2021","Davies","Davies_333_2021","333","2021",36.0950301265864,3.54759438234711,34.3212329354129,37.86882731776,0.900374110848312,"Ahya_333"
"331","Davies_2021","Davies","Davies_334_2021","334","2021",36.318134059644,17.0033699031853,27.8164491080513,44.8198190112366,4.31542967093003,"Ahya_334"
"332","Davies_2021","Davies","Davies_335_2021","335","2021",36.738977709926,6.81809440043837,33.3299305097069,40.1480249101452,1.73042208940839,"Ahya_335"
"333","Davies_2021","Davies","Davies_336_2021","336","2021",36.5924357568286,9.69200963546826,31.7464309390944,41.4384405745627,2.45981744736402,"Ahya_336"
"334","Davies_2021","Davies","Davies_337_2021","337","2021",36.1906232985967,5.38459805803178,33.4983242695808,38.8829223276126,1.3666028768397,"Ahya_337"
"335","Davies_2021","Davies","Davies_338_2021","338","2021",36.8962760147803,10.7233096962397,31.5346211666605,42.2579308629002,2.72155984944229,"Ahya_338"
"336","Davies_2021","Davies","Davies_339_2021","339","2021",35.4886886836889,2.48097892508775,34.248199221145,36.7291781462328,0.629668714333509,"Ahya_339"
"337","Davies_2021","Davies","Davies_340_2021","340","2021",35.9723852320774,4.70485169700879,33.619959383573,38.3248110805818,1.19408427424694,"Ahya_340"
"338","Davies_2021","Davies","Davies_341_2021","341","2021",35.5342935281132,2.74093033793365,34.1638283591464,36.90475869708,0.695643991374634,"Ahya_341"
"339","Davies_2021","Davies","Davies_342_2021","342","2021",35.5830826048858,3.10413790448071,34.0310136526454,37.1351515571262,0.787825524700557,"Ahya_342"
"340","Davies_2021","Davies","Davies_343_2021","343","2021",36.177058171452,9.55104618641332,31.4015350782453,40.9525812646586,2.42404113631321,"Ahya_343"
"341","Davies_2021","Davies","Davies_344_2021","344","2021",36.7036286963683,NA,NA,NA,NA,"Ahya_344"
"342","Davies_2021","Davies","Davies_345_2021","345","2021",40,NA,NA,NA,NA,"Ahya_345"
"343","Davies_2021","Davies","Davies_346_2021","346","2021",36.3562248748333,4.5895257327975,34.0614620084346,38.6509877412321,1.16481471823423,"Ahya_346"
"344","Davies_2021","Davies","Davies_347_2021","347","2021",37.4300331793196,7.60887282254019,33.6255967680495,41.2344695905897,1.93112046186632,"Ahya_347"
"345","Davies_2021","Davies","Davies_348_2021","348","2021",36.9997904928364,6.97396368915558,33.5128086482586,40.4867723374142,1.76998148011428,"Ahya_348"
"346","Davies_2021","Davies","Davies_349_2021","349","2021",36.7846665430097,NA,NA,NA,NA,"Ahya_349"
"347","Davies_2021","Davies","Davies_350_2021","350","2021",36.1235252855138,NA,NA,NA,NA,"Ahya_350"
"348","Davies_2021","Davies","Davies_351_2021","351","2021",36.2844433923085,NA,NA,NA,NA,"Ahya_351"
"349","Davies_2021","Davies","Davies_352_2021","352","2021",35.5423628866297,2.64584888039968,34.2194384464298,36.8652873268295,0.67151246066433,"Ahya_352"
"350","Davies_2021","Davies","Davies_353_2021","353","2021",35.4378242879047,2.02027047778019,34.4276890490146,36.4479595267948,0.512741604326526,"Ahya_353"
"351","Davies_2021","Davies","Davies_354_2021","354","2021",35.6885757273352,8.56589159975006,31.4056299274602,39.9715215272102,2.17401038605922,"Ahya_354"
"352","Davies_2021","Davies","Davies_355_2021","355","2021",35.4183866662365,1.26210497814527,34.7873341771639,36.0494391553092,0.320320342469069,"Ahya_355"
"353","Davies_2021","Davies","Davies_356_2021","356","2021",35.4503605218951,2.20535793046622,34.347681556662,36.5530394871282,0.559716521039273,"Ahya_356"
"354","Davies_2021","Davies","Davies_357_2021","357","2021",36.79038178641,3.36842551366722,35.1061690295764,38.4745945432436,0.854901321841743,"Ahya_357"
"355","Davies_2021","Davies","Davies_358_2021","358","2021",35.4618225933728,2.12922468041563,34.397210253165,36.5264349335806,0.540394016848438,"Ahya_358"
"356","Davies_2021","Davies","Davies_359_2021","359","2021",36.1516393113726,NA,NA,NA,NA,"Ahya_359"
"357","Davies_2021","Davies","Davies_360_2021","360","2021",35.5622799641079,NA,NA,NA,NA,"Ahya_360"
"358","Kelso_2021","Kelso","Kelso_188_2021","188","2021",36.3077219940894,0.242691313735335,36.1863763372217,36.4290676509571,0.06165989466018,"Ahya_188"
"359","Kelso_2021","Kelso","Kelso_189_2021","189","2021",36.3092361100427,0.253104480754118,36.1826838696657,36.4357883504198,0.0643055385094585,"Ahya_189"
"360","Kelso_2021","Kelso","Kelso_190_2021","190","2021",36.2528766980604,0.309336470696465,36.0982084627122,36.4075449334086,0.0785922409175991,"Ahya_190"
"361","Kelso_2021","Kelso","Kelso_191_2021","191","2021",36.0048549517295,1.04296890518249,35.4833704991383,36.5263394043208,0.264984155541419,"Ahya_191"
"362","Kelso_2021","Kelso","Kelso_192_2021","192","2021",35.2583246364698,0.98847438786116,34.7640874425392,35.7525618304004,0.251138887880731,"Ahya_192"
"363","Kelso_2021","Kelso","Kelso_193_2021","193","2021",36.1533637348354,0.947569685035361,35.6795788923177,36.6271485773531,0.240746345895911,"Ahya_193"
"364","Kelso_2021","Kelso","Kelso_194_2021","194","2021",36.2792487768976,0.826492416343413,35.8660025687259,36.6924949850693,0.20998458718942,"Ahya_194"
"365","Kelso_2021","Kelso","Kelso_195_2021","195","2021",35.9893102383633,1.00980265879598,35.4844089089653,36.4942115677613,0.256557701265037,"Ahya_195"
"366","Kelso_2021","Kelso","Kelso_196_2021","196","2021",36.3560145147014,0.207441718274794,36.252293655564,36.4597353738387,0.0527041297856241,"Ahya_196"
"367","Kelso_2021","Kelso","Kelso_197_2021","197","2021",36.2536893625415,0.370945786412506,36.0682164693352,36.4391622557477,0.0942451452538436,"Ahya_197"
"368","Kelso_2021","Kelso","Kelso_198_2021","198","2021",36.3041036178883,0.318851149847617,36.1446780429645,36.4635291928121,0.0810096084993054,"Ahya_198"
"369","Kelso_2021","Kelso","Kelso_199_2021","199","2021",36.2142145633646,1.32364807558967,35.5523905255697,36.8760386011594,0.336295517346019,"Ahya_199"
"370","Kelso_2021","Kelso","Kelso_200_2021","200","2021",35.4679098237554,0.907648153134645,35.0140857471881,35.9217339003227,0.230603595363209,"Ahya_200"
"371","Kelso_2021","Kelso","Kelso_201_2021","201","2021",35.9858266391007,0.79014751136782,35.5907528834168,36.3809003947846,0.200750540128826,"Ahya_201"
"372","Kelso_2021","Kelso","Kelso_202_2021","202","2021",35.4141705226901,0.965002543429264,34.9316692509755,35.8966717944047,0.245175462849666,"Ahya_202"
"373","Kelso_2021","Kelso","Kelso_203_2021","203","2021",36.1685796628554,0.660000132727191,35.8385795964918,36.498579729219,0.167684364278665,"Ahya_203"
"374","Kelso_2021","Kelso","Kelso_204_2021","204","2021",36.3593861628531,0.286878674964811,36.2159468253707,36.5028255003355,0.0728864523675241,"Ahya_204"
"375","Kelso_2021","Kelso","Kelso_205_2021","205","2021",36.1744191014199,0.413494598433331,35.9676718022032,36.3811664006366,0.105055401404918,"Ahya_205"
"376","Kelso_2021","Kelso","Kelso_206_2021","206","2021",36.166571786309,0.68138930461555,35.8258771340012,36.5072664386167,0.173118650595739,"Ahya_206"
"377","Kelso_2021","Kelso","Kelso_207_2021","207","2021",36.0806448653345,0.800844762398881,35.6802224841351,36.4810672465339,0.203468360398439,"Ahya_207"
"378","Kelso_2021","Kelso","Kelso_208_2021","208","2021",35.5552877410132,5.1827529103146,32.9639112858559,38.1466641961705,1.31676735183132,"Ahya_208"
"379","Kelso_2021","Kelso","Kelso_209_2021","209","2021",36.2483698854757,0.344387023690899,36.0761763736303,36.4205633973212,0.0874974356365755,"Ahya_209"
"380","Kelso_2021","Kelso","Kelso_210_2021","210","2021",35.771411464268,1.33045536047838,35.1061837840288,36.4366391445072,0.33802502493613,"Ahya_210"
"381","Kelso_2021","Kelso","Kelso_211_2021","211","2021",36.093547948866,0.673505520660058,35.756795188536,36.4303007091961,0.1711156399369,"Ahya_211"
"382","Kelso_2021","Kelso","Kelso_212_2021","212","2021",36.234567593204,0.469093677167677,36.0000207546202,36.4691144317879,0.119181301855157,"Ahya_212"
"383","Kelso_2021","Kelso","Kelso_213_2021","213","2021",36.4497270138014,0.308864893739596,36.2952945669316,36.6041594606711,0.0784724286959028,"Ahya_213"
"384","Kelso_2021","Kelso","Kelso_214_2021","214","2021",36.1047286377679,0.677872665964188,35.7657923047858,36.44366497075,0.172225188174427,"Ahya_214"
"385","Kelso_2021","Kelso","Kelso_215_2021","215","2021",36.3441793887023,0.263305144648911,36.2125268163779,36.4758319610268,0.0668971922919358,"Ahya_215"
"386","Kelso_2021","Kelso","Kelso_216_2021","216","2021",36.5540443268318,0.539932872345531,36.284077890659,36.8240107630046,0.137179215522729,"Ahya_216"
"387","Kelso_2021","Kelso","Kelso_217_2021","217","2021",36.4148952673906,0.259236065449826,36.2852772346657,36.5445133001155,0.0658633728654476,"Ahya_217"
"388","Kelso_2021","Kelso","Kelso_218_2021","218","2021",36.5628256999614,0.714159221128071,36.2057460893974,36.9199053105255,0.181444410463634,"Ahya_218"
"389","Kelso_2021","Kelso","Kelso_219_2021","219","2021",36.4669594403505,0.412503252538016,36.2607078140815,36.6732110666195,0.104803532961271,"Ahya_219"
"390","Kelso_2021","Kelso","Kelso_220_2021","220","2021",35.9103582930978,0.908659938261138,35.4560283239672,36.3646882622284,0.230860656744429,"Ahya_220"
"391","Mackay_2021","Mackay","Mackay_268_2021","268","2021",36.5334767096227,NA,NA,NA,NA,"Ahya_268"
"392","Mackay_2021","Mackay","Mackay_269_2021","269","2021",36.5938116955448,4.96406209069362,34.111780650198,39.0758427408916,1.26117021137314,"Ahya_269"
"393","Mackay_2021","Mackay","Mackay_270_2021","270","2021",36.1047569685983,3.47328210413458,34.368115916531,37.8413980206656,0.882422468816841,"Ahya_270"
"394","Mackay_2021","Mackay","Mackay_271_2021","271","2021",36.4968140686024,4.07733383612553,34.4581471505396,38.5354809866652,1.03588792444512,"Ahya_271"
"395","Mackay_2021","Mackay","Mackay_272_2021","272","2021",36.7525894595926,NA,NA,NA,NA,"Ahya_272"
"396","Mackay_2021","Mackay","Mackay_273_2021","273","2021",36.6412269912955,8.13826597065456,32.5720940059682,40.7103599766228,2.06760883061137,"Ahya_273"
"397","Mackay_2021","Mackay","Mackay_274_2021","274","2021",36.9936398452421,2.05217867312362,35.9675505086803,38.0197291818039,0.521376760337245,"Ahya_274"
"398","Mackay_2021","Mackay","Mackay_275_2021","275","2021",36.7277579931656,28.8894187862414,22.2830486000449,51.1724673862863,7.33964920894056,"Ahya_275"
"399","Mackay_2021","Mackay","Mackay_276_2021","276","2021",37.1234847987981,1.00660060903195,36.6201844942821,37.626785103314,0.255737071710109,"Ahya_276"
"400","Mackay_2021","Mackay","Mackay_277_2021","277","2021",35.5685281173983,2.31046890884231,34.4132936629771,36.7237625718194,0.586998008666846,"Ahya_277"
"401","Mackay_2021","Mackay","Mackay_278_2021","278","2021",36.9618512339906,2.46625495357742,35.7287237572019,38.1949787107793,0.62657702991557,"Ahya_278"
"402","Mackay_2021","Mackay","Mackay_279_2021","279","2021",36.5615226866159,69.0754291794317,2.02380809690008,71.0992372763318,17.5493118392364,"Ahya_279"
"403","Mackay_2021","Mackay","Mackay_280_2021","280","2021",37.0311795019725,2.08535254741622,35.9885032282644,38.0738557756806,0.529804918827064,"Ahya_280"
"404","Mackay_2021","Mackay","Mackay_281_2021","281","2021",37.0178381012724,3.74084778782731,35.1474142073588,38.8882619951861,0.950400238573505,"Ahya_281"
"405","Mackay_2021","Mackay","Mackay_282_2021","282","2021",36.9395875280254,2.28383015404964,35.7976724510006,38.0815026050503,0.580230163422608,"Ahya_282"
"406","Mackay_2021","Mackay","Mackay_283_2021","283","2021",37.0947924697962,1.3007001541271,36.4444423927327,37.7451425468598,0.330456037483677,"Ahya_283"
"407","Mackay_2021","Mackay","Mackay_284_2021","284","2021",36.6396535838122,NA,NA,NA,NA,"Ahya_284"
"408","Mackay_2021","Mackay","Mackay_285_2021","285","2021",37.0832302150086,1.22400126984502,36.4712295800861,37.6952308499311,0.310969909724828,"Ahya_285"
"409","Mackay_2021","Mackay","Mackay_286_2021","286","2021",36.6424630869091,9.46742084218167,31.9087526658183,41.376173508,2.40529407701755,"Ahya_286"
"410","Mackay_2021","Mackay","Mackay_287_2021","287","2021",37.0953076884009,1.15167684777636,36.5194692645127,37.6711461122891,0.292595158361668,"Ahya_287"
"411","Mackay_2021","Mackay","Mackay_288_2021","288","2021",36.7186900797956,14.5705150215944,29.4334325689984,44.0039475905929,3.70178679756041,"Ahya_288"
"412","Mackay_2021","Mackay","Mackay_289_2021","289","2021",36.4743071226193,2.54364668842446,35.2024837784071,37.7461304668316,0.646239183372227,"Ahya_289"
"413","Mackay_2021","Mackay","Mackay_290_2021","290","2021",36.7445173130652,4.9261249492788,34.2814548384258,39.2075797877046,1.25153189666577,"Ahya_290"
"414","Mackay_2021","Mackay","Mackay_291_2021","291","2021",36.6257681947553,9.44340260123279,31.9040668941389,41.3474694953717,2.39919199983542,"Ahya_291"
"415","Mackay_2021","Mackay","Mackay_292_2021","292","2021",37.1769489401272,0.834953442909764,36.7594722186723,37.5944256615821,0.212128372055495,"Ahya_292"
"416","Mackay_2021","Mackay","Mackay_293_2021","293","2021",36.7487881755579,6.04385211396709,33.7268621185744,39.7707142325415,1.53550179446181,"Ahya_293"
"417","Mackay_2021","Mackay","Mackay_294_2021","294","2021",37.098627699581,1.27981745355879,36.4587189728016,37.7385364263604,0.325150576067482,"Ahya_294"
"418","Mackay_2021","Mackay","Mackay_295_2021","295","2021",36.6805677190707,8.16810649377378,32.5965144721838,40.7646209659576,2.07519011750145,"Ahya_295"
"419","Mackay_2021","Mackay","Mackay_296_2021","296","2021",37.0690987358031,1.6394319614199,36.2493827550932,37.8888147165131,0.416514281155357,"Ahya_296"
"420","Mackay_2021","Mackay","Mackay_297_2021","297","2021",37.2194601328548,0.679992224533962,36.8794640205878,37.5594562451218,0.172758906290747,"Ahya_297"
"421","Mackay_2021","Mackay","Mackay_298_2021","298","2021",37.0739213038134,NA,NA,NA,NA,"Ahya_298"
"422","Mackay_2021","Mackay","Mackay_299_2021","299","2021",37.1627345767963,1.07069088719516,36.6273891331988,37.6980800203939,0.272019855483017,"Ahya_299"
"423","Mackay_2021","Mackay","Mackay_300_2021","300","2021",36.8724313383801,3.25977088652924,35.2425458951155,38.5023167816447,0.828177783210938,"Ahya_300"
"424","Pelorus_2021","Pelorus","Pelorus_221_2021","221","2021",36.2557394718066,0.750560455195171,35.880459244209,36.6310196994042,0.190614750202105,"Ahya_221"
"425","Pelorus_2021","Pelorus","Pelorus_222_2021","222","2021",36.2832323785854,0.932024569723609,35.8172200937236,36.7492446634472,0.2366999610896,"Ahya_222"
"426","Pelorus_2021","Pelorus","Pelorus_223_2021","223","2021",36.5425377175151,0.689742776508595,36.1976663292608,36.8874091057694,0.175169296674051,"Ahya_223"
"427","Pelorus_2021","Pelorus","Pelorus_224_2021","224","2021",36.6102020008558,0.426316876366627,36.3970435626725,36.8233604390391,0.108268806773781,"Ahya_224"
"428","Pelorus_2021","Pelorus","Pelorus_225_2021","225","2021",36.5451659371887,0.306864630328363,36.3917336220245,36.6985982523529,0.0779323297024654,"Ahya_225"
"429","Pelorus_2021","Pelorus","Pelorus_226_2021","226","2021",36.1193828269688,1.97230454113516,35.1332305564012,37.1055350975364,0.500892812602547,"Ahya_226"
"430","Pelorus_2021","Pelorus","Pelorus_227_2021","227","2021",36.5911921358792,0.28270102019853,36.44984162578,36.7325426459785,0.0717956614607545,"Ahya_227"
"431","Pelorus_2021","Pelorus","Pelorus_228_2021","228","2021",36.609150876089,0.347597388447383,36.4353521818653,36.7829495703127,0.0882769521244918,"Ahya_228"
"432","Pelorus_2021","Pelorus","Pelorus_229_2021","229","2021",36.7847014724633,0.477093186819403,36.5461548790536,37.023248065873,0.12116412208935,"Ahya_229"
"433","Pelorus_2021","Pelorus","Pelorus_230_2021","230","2021",36.3973360390855,0.510576021210426,36.1420480284803,36.6526240496907,0.12966753053477,"Ahya_230"
"434","Pelorus_2021","Pelorus","Pelorus_231_2021","231","2021",36.4109726823981,0.478902593728719,36.1715213855338,36.6504239792625,0.121623644894804,"Ahya_231"
"435","Pelorus_2021","Pelorus","Pelorus_232_2021","232","2021",36.5320447405941,0.47333585449735,36.2953768133455,36.7687126678428,0.120209897873251,"Ahya_232"
"436","Pelorus_2021","Pelorus","Pelorus_233_2021","233","2021",36.3016038257429,0.755018612263939,35.924094519611,36.6791131318749,0.191746958127721,"Ahya_233"
"437","Pelorus_2021","Pelorus","Pelorus_234_2021","234","2021",35.9157488344289,0.817403815465269,35.5070469266963,36.3244507421615,0.20759050522938,"Ahya_234"
"438","Pelorus_2021","Pelorus","Pelorus_235_2021","235","2021",36.2309587350977,1.00720482353023,35.7273563233326,36.7345611468628,0.255792980446389,"Ahya_235"
"439","Pelorus_2021","Pelorus","Pelorus_236_2021","236","2021",36.2711482000703,1.00537411196034,35.7684611440901,36.7738352560504,0.255328047040728,"Ahya_236"
"440","Pelorus_2021","Pelorus","Pelorus_237_2021","237","2021",36.6628714739187,0.53161145820836,36.3970657448145,36.9286772030229,0.135009757854367,"Ahya_237"
"441","Pelorus_2021","Pelorus","Pelorus_238_2021","238","2021",36.2587752867829,0.924019655152122,35.7967654592068,36.7207851143589,0.234667007207112,"Ahya_238"
"442","Pelorus_2021","Pelorus","Pelorus_239_2021","239","2021",36.3365312968087,0.917376475313517,35.8778430591519,36.7952195344654,0.232979883862525,"Ahya_239"
"443","Pelorus_2021","Pelorus","Pelorus_240_2021","240","2021",36.5118544801821,0.320243415117247,36.3517327726235,36.6719761877407,0.0813300489706326,"Ahya_240"
"444","Pelorus_2021","Pelorus","Pelorus_241_2021","241","2021",36.7101172354332,0.441654230853018,36.4892901200067,36.9309443508597,0.112163930709432,"Ahya_241"
"445","Pelorus_2021","Pelorus","Pelorus_242_2021","242","2021",36.348629011548,0.597283365098576,36.0499873289987,36.6472706940973,0.151688006808902,"Ahya_242"
"446","Pelorus_2021","Pelorus","Pelorus_243_2021","243","2021",36.1738176325903,0.786320713238808,35.7806572759709,36.5669779892097,0.199696540492239,"Ahya_243"
"447","Pelorus_2021","Pelorus","Pelorus_244_2021","244","2021",36.7097143141815,0.365618775838939,36.526904926262,36.8925237021009,0.092853721700029,"Ahya_244"
"448","Pelorus_2021","Pelorus","Pelorus_245_2021","245","2021",36.6892194901651,0.259836084218463,36.5593014480558,36.8191375322743,0.0659888086881907,"Ahya_245"
"449","Pelorus_2021","Pelorus","Pelorus_246_2021","246","2021",36.5920075419782,0.213784233304239,36.4851154253261,36.6988996586303,0.0542933323310252,"Ahya_246"
"450","Pelorus_2021","Pelorus","Pelorus_247_2021","247","2021",36.5245748277253,0.323186520573145,36.3629815674387,36.6861680880119,0.0820774895097813,"Ahya_247"
"451","Pelorus_2021","Pelorus","Pelorus_248_2021","248","2021",36.5458500697141,0.399050500666547,36.3463248193809,36.7453753200474,0.101344150196136,"Ahya_248"
"452","Pelorus_2021","Pelorus","Pelorus_249_2021","249","2021",36.5757633050084,0.439630673360583,36.3559479683281,36.7955786416887,0.111650021532268,"Ahya_249"
"453","Pelorus_2021","Pelorus","Pelorus_250_2021","250","2021",36.2084801034836,1.23488920957308,35.5910354986971,36.8259247082701,0.313616440329033,"Ahya_250"
"454","StCrispin-15April_2021","StCrispin-15April","StCrispin-15April_251_2021","251","2021",35.9864717661667,1.21949269025671,35.3767254210384,36.5962181112951,0.308623889836326,"Ahya_251"
"455","StCrispin-15April_2021","StCrispin-15April","StCrispin-15April_252_2021","252","2021",36.1040615406935,1.09717905019642,35.5554720155953,36.6526510657917,0.277669287420873,"Ahya_252"
"456","StCrispin-15April_2021","StCrispin-15April","StCrispin-15April_253_2021","253","2021",35.9768043059202,1.39688923558892,35.2783596881258,36.6752489237147,0.353518633610827,"Ahya_253"
"457","StCrispin-15April_2021","StCrispin-15April","StCrispin-15April_254_2021","254","2021",36.1936416386483,1.09458029004395,35.6463514936264,36.7409317836703,0.277011604538955,"Ahya_254"
"458","StCrispin-15April_2021","StCrispin-15April","StCrispin-15April_255_2021","255","2021",36.1001213290289,1.05624635615288,35.5719981509525,36.6282445071053,0.267310219787153,"Ahya_255"
"459","StCrispin-15April_2021","StCrispin-15April","StCrispin-15April_256_2021","256","2021",36.1047184334794,0.941122781879116,35.6341570425398,36.5752798244189,0.238175247853249,"Ahya_256"
"460","StCrispin-15April_2021","StCrispin-15April","StCrispin-15April_258_2021","258","2021",36.4543029736211,1.79042475417764,35.5590905965323,37.3495153507099,0.453112885799445,"Ahya_258"
"461","StCrispin-15April_2021","StCrispin-15April","StCrispin-15April_259_2021","259","2021",36.7855813434355,1.13888816008668,36.2161372633922,37.3550254234789,0.288224846989854,"Ahya_259"
"462","StCrispin-15April_2021","StCrispin-15April","StCrispin-15April_260_2021","260","2021",35.9718423779053,0.971346466071793,35.4861691448695,36.4575156109412,0.245824125993522,"Ahya_260"
"463","StCrispin-15April_2021","StCrispin-15April","StCrispin-15April_261_2021","261","2021",36.3417917646195,1.16700207447744,35.7582907273808,36.9252928018582,0.295339793792837,"Ahya_261"
"464","StCrispin-15April_2021","StCrispin-15April","StCrispin-15April_262_2021","262","2021",36.3295398103454,0.932902448010552,35.8630885863402,36.7959910343507,0.236094881620193,"Ahya_262"
"465","StCrispin-15April_2021","StCrispin-15April","StCrispin-15April_263_2021","263","2021",35.7827145732952,1.10731249438228,35.229058326104,36.3363708204863,0.280233815266809,"Ahya_263"
"466","StCrispin-15April_2021","StCrispin-15April","StCrispin-15April_264_2021","264","2021",35.8389902017532,1.66730874827346,35.0053358276164,36.6726445758899,0.421955224136661,"Ahya_264"
"467","StCrispin-15April_2021","StCrispin-15April","StCrispin-15April_265_2021","265","2021",35.8119009296088,1.38965439319956,35.1170737330091,36.5067281262086,0.35168767126198,"Ahya_265"
"468","StCrispin-15April_2021","StCrispin-15April","StCrispin-15April_266_2021","266","2021",36.0022258284222,1.51053974353188,35.2469559566563,36.7574957001881,0.382280808344195,"Ahya_266"
"469","StCrispin-15April_2021","StCrispin-15April","StCrispin-15April_267_2021","267","2021",36.8024637942828,0.973112367032613,36.3159076107665,37.2890199777991,0.246271032504686,"Ahya_267"
"470","StCrispin-15April_2021","StCrispin-15April","StCrispin-15April_257_2021","257","2021",36.3286506223442,1.02812338079926,35.8145889319446,36.8427123127438,0.260192979875219,"Ahya_257"
"471","Fitzroy_2021","Fitzroy","Fitzroy_361_2021","361","2021",36.0938673750792,0.78227742029091,35.7027286649338,36.4850060852247,0.197647559671686,"Ahya_361"
"472","Fitzroy_2021","Fitzroy","Fitzroy_362_2021","362","2021",35.604746754966,0.847221926307427,35.1811357918123,36.0283577181197,0.214056218282177,"Ahya_362"
"473","Fitzroy_2021","Fitzroy","Fitzroy_363_2021","363","2021",35.6060450676969,0.838142409603606,35.1869738628951,36.0251162724987,0.211762218387814,"Ahya_363"
"474","Fitzroy_2021","Fitzroy","Fitzroy_364_2021","364","2021",35.449323956848,0.727853022136799,35.0853974457796,35.8132504679164,0.183896875831471,"Ahya_364"
"475","Fitzroy_2021","Fitzroy","Fitzroy_365_2021","365","2021",36.1356137016277,0.941531551491181,35.6648479258821,36.6063794773733,0.237884168300455,"Ahya_365"
"476","Fitzroy_2021","Fitzroy","Fitzroy_366_2021","366","2021",35.6343061512872,0.750540288721751,35.2590360069264,36.0095762956481,0.189628963655852,"Ahya_366"
"477","Fitzroy_2021","Fitzroy","Fitzroy_367_2021","367","2021",35.1632447195428,NA,NA,NA,NA,"Ahya_367"
"478","Fitzroy_2021","Fitzroy","Fitzroy_368_2021","368","2021",34.6739750292065,1.77439990407828,33.7867750771673,35.5611749812456,0.448313861331097,"Ahya_368"
"479","Fitzroy_2021","Fitzroy","Fitzroy_369_2021","369","2021",34.5573554841834,NA,NA,NA,NA,"Ahya_369"
"480","Fitzroy_2021","Fitzroy","Fitzroy_370_2021","370","2021",34.8423054654406,5.76601428828173,31.9592983212997,37.7253126095815,1.4568216128329,"Ahya_370"
"481","Fitzroy_2021","Fitzroy","Fitzroy_371_2021","371","2021",35.4184535388547,1.0284086094501,34.9042492341297,35.9326578435798,0.25983423109359,"Ahya_371"
"482","Fitzroy_2021","Fitzroy","Fitzroy_372_2021","372","2021",35.216309545002,0.814455124242102,34.8090819828809,35.623537107123,0.205777469211227,"Ahya_372"
"483","Fitzroy_2021","Fitzroy","Fitzroy_373_2021","373","2021",34.7519767879575,0.822676434935573,34.3406385704897,35.1633150054253,0.20785463768589,"Ahya_373"
"484","Fitzroy_2021","Fitzroy","Fitzroy_374_2021","374","2021",34.6102990228273,0.610966258599774,34.3048158935274,34.9157821521272,0.154364662614293,"Ahya_374"
"485","Moore_2021","Moore","Moore_375_2021","375","2021",36.6370320316213,1.15141783402161,36.0613231146105,37.2127409486321,0.292935540667895,"Ahya_375"
"486","Moore_2021","Moore","Moore_376_2021","376","2021",37.0634525385885,NA,NA,NA,NA,"Ahya_376"
"487","Moore_2021","Moore","Moore_377_2021","377","2021",37.3653261588863,NA,NA,NA,NA,"Ahya_377"
"488","Moore_2021","Moore","Moore_378_2021","378","2021",35.771196265529,1.01954142130296,35.2614255548775,36.2809669761805,0.259384481165755,"Ahya_378"
"489","Moore_2021","Moore","Moore_379_2021","379","2021",37.2905560426688,NA,NA,NA,NA,"Ahya_379"
"490","Moore_2021","Moore","Moore_380_2021","380","2021",37.4681340967263,1.32645177942146,36.8049082070156,38.131359986437,0.337466432856573,"Ahya_380"
"491","Moore_2021","Moore","Moore_381_2021","381","2021",37.5527226944118,1.01290354405569,37.046270922384,38.0591744664396,0.257695719620764,"Ahya_381"
"492","Moore_2021","Moore","Moore_382_2021","382","2021",37.7578470135202,0.420123872586146,37.5477850772271,37.9679089498133,0.106884929282068,"Ahya_382"
"493","Moore_2021","Moore","Moore_383_2021","383","2021",37.3570402505961,1.91017581931474,36.4019523409387,38.3121281602535,0.485973353780101,"Ahya_383"
"494","Moore_2021","Moore","Moore_384_2021","384","2021",36.5969796346739,1.20234379547526,35.9958077369362,37.1981515324115,0.305891761782129,"Ahya_384"
"495","Moore_2021","Moore","Moore_385_2021","385","2021",37.3215032408472,2.54373876696665,36.0496338573639,38.5933726243305,0.647159935343917,"Ahya_385"
"496","Moore_2021","Moore","Moore_386_2021","386","2021",37.3180386096649,7.52952942133068,33.5532738989996,41.0828033203303,1.91560935295615,"Ahya_386"
"497","Moore_2021","Moore","Moore_387_2021","387","2021",37.2906065552204,2.41027142256715,36.0854708439368,38.495742266504,0.613204122312414,"Ahya_387"
"498","Moore_2021","Moore","Moore_388_2021","388","2021",37.4512936160448,2.5714728239053,36.1655572040921,38.7370300279974,0.654215836967273,"Ahya_388"
"499","Moore_2021","Moore","Moore_389_2021","389","2021",37.2362183275358,3.78385018738115,35.3442932338452,39.1281434212264,0.962660267798149,"Ahya_389"
"500","Moore_2021","Moore","Moore_390_2021","390","2021",37.4162593703685,1.41014906077217,36.7111848399824,38.1213339007546,0.358760100229491,"Ahya_390"
"501","Moore_2021","Moore","Moore_391_2021","391","2021",37.5080014145456,1.23958987530681,36.8882064768922,38.127796352199,0.315367644655251,"Ahya_391"
"502","Moore_2021","Moore","Moore_392_2021","392","2021",37.6516625944469,0.683386534453334,37.3099693272202,37.9933558616736,0.17386234435508,"Ahya_392"
"503","Moore_2021","Moore","Moore_393_2021","393","2021",37.4622719163807,1.34507327176885,36.7897352804963,38.1348085522651,0.342203980571787,"Ahya_393"
"504","Moore_2021","Moore","Moore_394_2021","394","2021",37.4867519940033,1.2377655330196,36.8678692274935,38.1056347605131,0.314903508458575,"Ahya_394"
"505","Moore_2021","Moore","Moore_395_2021","395","2021",37.1976208097782,NA,NA,NA,NA,"Ahya_395"
"506","Moore_2021","Moore","Moore_396_2021","396","2021",36.7741095554218,NA,NA,NA,NA,"Ahya_396"
"507","Moore_2021","Moore","Moore_397_2021","397","2021",37.085041544552,NA,NA,NA,NA,"Ahya_397"
"508","Moore_2021","Moore","Moore_398_2021","398","2021",37.3916932767678,1.77010669501995,36.5066399292578,38.2767466242777,0.4503379628353,"Ahya_398"
"509","Moore_2021","Moore","Moore_399_2021","399","2021",36.7560714000638,1.19547003613228,36.1583363819977,37.35380641813,0.30414298879107,"Ahya_399"
"510","Moore_2021","Moore","Moore_400_2021","400","2021",36.1816156570528,1.09795341653161,35.632638948787,36.7305923653186,0.279333503613088,"Ahya_400"
"511","Moore_2021","Moore","Moore_401_2021","401","2021",37.3515385365236,3.25168706577585,35.7256950036357,38.9773820694115,0.827271109193161,"Ahya_401"
"512","Moore_2021","Moore","Moore_402_2021","402","2021",35.2755988514683,NA,NA,NA,NA,"Ahya_402"
"513","Moore_2021","Moore","Moore_403_2021","403","2021",37.4443219703826,1.34263436545497,36.7730047876551,38.1156391531101,0.341583491363972,"Ahya_403"
"514","Moore_2021","Moore","Moore_404_2021","404","2021",37.5371633143937,0.977279716989145,37.0485234558991,38.0258031728883,0.248632558764594,"Ahya_404"
"515","Moore_2021","Moore","Moore_405_2021","405","2021",37.1503142043773,6.56608068505523,33.8672738618497,40.4333545469049,1.67049557398949,"Ahya_405"
"516","Moore_2021","Moore","Moore_406_2021","406","2021",37.6033755193802,0.742232583158867,37.2322592278008,37.9744918109597,0.188833537769305,"Ahya_406"
"517","Moore_2021","Moore","Moore_407_2021","407","2021",37.0367200060411,NA,NA,NA,NA,"Ahya_407"
"518","Moore_2021","Moore","Moore_408_2021","408","2021",36.8386447286688,NA,NA,NA,NA,"Ahya_408"
"519","Moore_2021","Moore","Moore_410_2021","410","2021",37.2254568223951,NA,NA,NA,NA,"Ahya_410"
"520","Moore_2021","Moore","Moore_411_2021","411","2021",37.15923217121,5.2391635425345,34.5396503999427,39.7788139424772,1.33291074676116,"Ahya_411"
"521","Moore_2021","Moore","Moore_412_2021","412","2021",37.0290244091737,6.25592942064655,33.9010596988504,40.156989119497,1.59158909395778,"Ahya_412"
"522","Moore_2021","Moore","Moore_413_2021","413","2021",37.1425142693895,NA,NA,NA,NA,"Ahya_413"
"523","Moore_2021","Moore","Moore_414_2021","414","2021",37.2822326908212,2.2001183345194,36.1821735235615,38.3822918580809,0.559738467489892,"Ahya_414"
"524","Moore_2021","Moore","Moore_415_2021","415","2021",37.1131669299003,3.35635273344874,35.4349905631759,38.7913432966246,0.853899404363851,"Ahya_415"
"525","Moore_2021","Moore","Moore_416_2021","416","2021",37.3522215265608,2.15925994160737,36.2725915557571,38.4318514973644,0.549343565600365,"Ahya_416"
"526","Moore_2021","Moore","Moore_417_2021","417","2021",37.408606554997,1.54449478793826,36.6363591610279,38.1808539489662,0.392939385160632,"Ahya_417"
"527","Moore_2021","Moore","Moore_418_2021","418","2021",37.452336783548,1.43899708287961,36.7328382421082,38.1718353249878,0.366099408952655,"Ahya_418"
"528","Moore_2021","Moore","Moore_419_2021","419","2021",36.5059272647312,1.13461420858842,35.938620160437,37.0732343690254,0.288660481730981,"Ahya_419"
"529","Moore_2021","Moore","Moore_420_2021","420","2021",36.6635907102628,1.0807108777973,36.1232352713641,37.2039461491614,0.274946779474048,"Ahya_420"
"530","Moore_2021","Moore","Moore_421_2021","421","2021",36.7963673134458,1.20122706766421,36.1957537796137,37.3969808472779,0.305607651830514,"Ahya_421"
"531","Moore_2021","Moore","Moore_422_2021","422","2021",36.3442865348828,1.05178363777685,35.8183947159943,36.8701783537712,0.267587316692561,"Ahya_422"
"532","Moore_2021","Moore","Moore_423_2021","423","2021",37.089923207783,NA,NA,NA,NA,"Ahya_423"
"533","Moore_2021","Moore","Moore_424_2021","424","2021",36.1281563288514,1.20303050274119,35.5266410774808,36.729671580222,0.30606646896338,"Ahya_424"
"534","Moore_2021","Moore","Moore_425_2021","425","2021",36.3430253628474,1.23220632317638,35.7269222012592,36.9591285244356,0.313489173806992,"Ahya_425"
"535","Heron_2022","Heron","Heron_1796_2022","1796","2022",36.2535771237555,0.668755262080225,35.9191994927154,36.5879547547956,0.168952330704244,"Ahya_1796"
"536","Heron_2022","Heron","Heron_1797_2022","1797","2022",35.7433197704269,0.708775795511727,35.388931872671,36.0977076681828,0.179062998661081,"Ahya_1797"
"537","Heron_2022","Heron","Heron_1798_2022","1798","2022",36.5341410861009,0.887360741613975,36.090460715294,36.9778214569079,0.224180165707832,"Ahya_1798"
"538","Heron_2022","Heron","Heron_1799_2022","1799","2022",36.3133054890027,0.586454276234662,36.0200783508853,36.60653262712,0.148160055613038,"Ahya_1799"
"539","Heron_2022","Heron","Heron_1800_2022","1800","2022",36.204573394867,0.6778636810715,35.8656415543313,36.5435052354028,0.171253454455884,"Ahya_1800"
"540","Heron_2022","Heron","Heron_1801_2022","1801","2022",35.9199713146794,0.713998686691042,35.5629719713339,36.2769706580249,0.180382494278978,"Ahya_1801"
"541","Heron_2022","Heron","Heron_1802_2022","1802","2022",35.8546713571254,0.80625032623955,35.4515461940057,36.2577965202452,0.203688672782197,"Ahya_1802"
"542","Heron_2022","Heron","Heron_1803_2022","1803","2022",35.7953157216316,0.902991681603496,35.3438198808299,36.2468115624334,0.228129119670621,"Ahya_1803"
"543","Heron_2022","Heron","Heron_1804_2022","1804","2022",35.1392327893151,1.45043778953774,34.4140138945462,35.864451684084,0.366434268227888,"Ahya_1804"
"544","Heron_2022","Heron","Heron_1805_2022","1805","2022",36.0786839401202,0.644852450928141,35.7562577146561,36.4011101655843,0.162913595933075,"Ahya_1805"
"545","Heron_2022","Heron","Heron_1806_2022","1806","2022",36.1054409357119,0.542341925788946,35.8342699728174,36.3766118986064,0.137015643234938,"Ahya_1806"
"546","Heron_2022","Heron","Heron_1808_2022","1808","2022",36.5470856930319,0.968695937643702,36.06273772421,37.0314336618537,0.244728446546421,"Ahya_1808"
"547","Heron_2022","Heron","Heron_1809_2022","1809","2022",36.4998066131491,0.821274707532282,36.0891692593829,36.9104439669152,0.207484387568651,"Ahya_1809"
"548","Heron_2022","Heron","Heron_1807_2022","1807","2022",36.1572872316595,0.442620737768763,35.9359768627752,36.3785976005439,0.111822380330062,"Ahya_1807"
"549","LadyMusgrave_2022","LadyMusgrave","LadyMusgrave_1781_2022","1781","2022",36.151130055988,0.440574905730003,35.930842603123,36.371417508853,0.111019842204693,"Ahya_1781"
"550","LadyMusgrave_2022","LadyMusgrave","LadyMusgrave_1783_2022","1783","2022",36.0960128132654,0.46142153031704,35.8653020481069,36.3267235784239,0.116272953405655,"Ahya_1783"
"551","LadyMusgrave_2022","LadyMusgrave","LadyMusgrave_1784_2022","1784","2022",35.5611632176581,0.934709316408927,35.0938085594536,36.0285178758625,0.235536067681915,"Ahya_1784"
"552","LadyMusgrave_2022","LadyMusgrave","LadyMusgrave_1785_2022","1785","2022",36.0386800519697,0.333997892328156,35.8716811058056,36.2056789981337,0.0841636525837345,"Ahya_1785"
"553","LadyMusgrave_2022","LadyMusgrave","LadyMusgrave_1786_2022","1786","2022",35.9353310792785,0.786187594126673,35.5422372822151,36.3284248763418,0.198110290686233,"Ahya_1786"
"554","LadyMusgrave_2022","LadyMusgrave","LadyMusgrave_1780_2022","1780","2022",36.4794694170837,1.28386915206225,35.8375348410526,37.1214039931148,0.323520356742183,"Ahya_1780"
"555","LadyMusgrave_2022","LadyMusgrave","LadyMusgrave_1787_2022","1787","2022",36.1377739511069,1.28664410010052,35.4944519010567,36.7810960011572,0.32421961194108,"Ahya_1787"
"556","LadyMusgrave_2022","LadyMusgrave","LadyMusgrave_1788_2022","1788","2022",36.6786438318225,1.77965999442893,35.788813834608,37.568473829037,0.448453984078216,"Ahya_1788"
"557","LadyMusgrave_2022","LadyMusgrave","LadyMusgrave_1789_2022","1789","2022",36.0856087565907,0.247507411704092,35.9618550507387,36.2093624624428,0.062369039712671,"Ahya_1789"
"558","LadyMusgrave_2022","LadyMusgrave","LadyMusgrave_1790_2022","1790","2022",36.1554009854102,0.400569445478666,35.9551162626709,36.3556857081495,0.100938923326505,"Ahya_1790"
"559","LadyMusgrave_2022","LadyMusgrave","LadyMusgrave_1791_2022","1791","2022",36.2081750954948,0.444826574424937,35.9857618082823,36.4305883827073,0.112091214135958,"Ahya_1791"
"560","Mackay_2022","Mackay","Mackay_787_2022","787","2022",37.6825908922931,2.70534567786284,36.3299180533616,39.0352637312245,0.68044145258235,"Ahya_787"
"561","Mackay_2022","Mackay","Mackay_788_2022","788","2022",37.6041618649206,2.26477803136272,36.4717728492393,38.736550880602,0.569631033123442,"Ahya_788"
"562","Mackay_2022","Mackay","Mackay_789_2022","789","2022",37.7841337078219,0.529061646832517,37.5196028844056,38.0486645312382,0.133068198427313,"Ahya_789"
"563","Mackay_2022","Mackay","Mackay_790_2022","790","2022",37.6611545916358,0.630335809759927,37.3459866867559,37.9763224965158,0.158540410387238,"Ahya_790"
"564","Mackay_2022","Mackay","Mackay_791_2022","791","2022",37.7006799807775,NA,NA,NA,NA,"Ahya_791"
"565","Mackay_2022","Mackay","Mackay_792_2022","792","2022",37.716452378913,2.50842248679122,36.4622411355174,38.9706636223086,0.630911847816358,"Ahya_792"
"566","Mackay_2022","Mackay","Mackay_793_2022","793","2022",37.4863581855447,3.78603914469976,35.5933386131948,39.3793777578946,0.952254640223374,"Ahya_793"
"567","Mackay_2022","Mackay","Mackay_794_2022","794","2022",37.7049979602095,1.82393391032197,36.7930310050485,38.6169649153704,0.458751075512875,"Ahya_794"
"568","Mackay_2022","Mackay","Mackay_795_2022","795","2022",37.6300003777752,NA,NA,NA,NA,"Ahya_795"
"569","Mackay_2022","Mackay","Mackay_796_2022","796","2022",37.6885297129243,NA,NA,NA,NA,"Ahya_796"
