"","Site_year","Site","Site_geno_year","Genotype","SampleYear","Absolute_estimate_ED50","ndvi_ED50CIrange","LowerCI_ndviED50","UpperCI_ndviED50","Std..Error","eventID"
"1","Chicken_2021","Chicken","Chicken_313_2021","313","2021",35.3251807104253,2.31120242090434,34.1695794999731,36.4807819208775,0.58686928380973,"Ahya_313"
"2","Chicken_2021","Chicken","Chicken_314_2021","314","2021",35.5710938354588,1.0153916352788,35.0633980178194,36.0787896530982,0.257832094840611,"Ahya_314"
"3","Chicken_2021","Chicken","Chicken_315_2021","315","2021",35.153736876447,1.70494719919118,34.3012632768514,36.0062104760425,0.432926658726509,"Ahya_315"
"4","Chicken_2021","Chicken","Chicken_316_2021","316","2021",35.4275406890217,1.56801030567902,34.6435355361821,36.2115458418612,0.398155123401117,"Ahya_316"
"5","Chicken_2021","Chicken","Chicken_305_2021","305","2021",35.3133604230711,3.3427449942224,33.6419879259599,36.9847329201823,0.848802486088714,"Ahya_305"
"6","Chicken_2021","Chicken","Chicken_306_2021","306","2021",34.6589380210365,1.88809195163515,33.7148920452189,35.6029839968541,0.479431468832341,"Ahya_306"
"7","Chicken_2021","Chicken","Chicken_307_2021","307","2021",34.5869671161334,1.54103962167711,33.8164473052949,35.357486926972,0.391306625034684,"Ahya_307"
"8","Chicken_2021","Chicken","Chicken_308_2021","308","2021",34.8166329305102,1.55322576340176,34.0400200488093,35.593245812211,0.394400976356599,"Ahya_308"
"9","Chicken_2021","Chicken","Chicken_309_2021","309","2021",35.463183778287,NA,NA,NA,NA,"Ahya_309"
"10","Chicken_2021","Chicken","Chicken_311_2021","311","2021",35.260447201534,1.53749113999253,34.4917016315377,36.0291927715302,0.390405581107934,"Ahya_311"
"11","Chicken_2021","Chicken","Chicken_312_2021","312","2021",35.3447874170455,1.26928780479999,34.7101435146455,35.9794313194455,0.322302373091112,"Ahya_312"
"12","Chicken_2021","Chicken","Chicken_325_2021","325","2021",35.6709586382542,0.614947354245245,35.3634849611316,35.9784323153769,0.156149764340148,"Ahya_325"
"13","Chicken_2021","Chicken","Chicken_326_2021","326","2021",35.7719029936896,0.562645440522331,35.4905802734285,36.0532257139508,0.14286906405582,"Ahya_326"
"14","Chicken_2021","Chicken","Chicken_327_2021","327","2021",34.9218750666427,1.2961888437025,34.2737806447915,35.569969488494,0.329133186909782,"Ahya_327"
"15","Chicken_2021","Chicken","Chicken_328_2021","328","2021",34.4713904714644,3.18214117803581,32.8803198824465,36.0624610604823,0.808021356002474,"Ahya_328"
"16","Chicken_2021","Chicken","Chicken_329_2021","329","2021",37.4933682255464,6.55130827648821,34.2177140873023,40.7690223637906,1.66353304300148,"Ahya_329"
"17","Chicken_2021","Chicken","Chicken_321_2021","321","2021",35.1053077879188,4.49682241163563,32.856896582101,37.3537189937366,1.14185020068624,"Ahya_321"
"18","Chicken_2021","Chicken","Chicken_322_2021","322","2021",35.6720087838414,0.537640338082468,35.4031886148002,35.9408289528827,0.13651967361397,"Ahya_322"
"19","Chicken_2021","Chicken","Chicken_323_2021","323","2021",35.5557953021879,1.16005077858453,34.9757699128956,36.1358206914801,0.294564493119749,"Ahya_323"
"20","Chicken_2021","Chicken","Chicken_324_2021","324","2021",35.1182512459648,1.3353239712786,34.4505892603255,35.7859132316041,0.339070526921482,"Ahya_324"
"21","Chicken_2021","Chicken","Chicken_317_2021","317","2021",35.4684456083441,2.22999950126676,34.3534458577107,36.5834453589775,0.566249930498253,"Ahya_317"
"22","Chicken_2021","Chicken","Chicken_318_2021","318","2021",34.6754158654028,1.38167022561009,33.9845807525978,35.3662509782079,0.350838943586667,"Ahya_318"
"23","Chicken_2021","Chicken","Chicken_319_2021","319","2021",35.6447545597776,0.77058955894185,35.2594597803067,36.0300493392485,0.195671023220244,"Ahya_319"
"24","Chicken_2021","Chicken","Chicken_320_2021","320","2021",34.8660893911936,1.85992574413956,33.9361265191238,35.7960522632634,0.472279398606443,"Ahya_320"
"25","Chicken_2021","Chicken","Chicken_301_2021","301","2021",35.2781942484272,3.43852690745649,33.558930794699,36.9974577021555,0.873123792744157,"Ahya_301"
"26","Chicken_2021","Chicken","Chicken_302_2021","302","2021",35.2183768902392,2.66262249532041,33.887065642579,36.5496881378994,0.676103201844577,"Ahya_302"
"27","Chicken_2021","Chicken","Chicken_303_2021","303","2021",34.3174316219989,1.12481363983753,33.7550248020802,34.8798384419177,0.285616945214416,"Ahya_303"
"28","Chicken_2021","Chicken","Chicken_304_2021","304","2021",35.3960350636606,NA,NA,NA,NA,"Ahya_304"
"29","Chicken_2021","Chicken","Chicken_330_2021","330","2021",35.6075562573746,0.816122856470244,35.1994948291395,36.0156176856098,0.207233010810898,"Ahya_330"
"30","Davies_2021","Davies","Davies_347_2021","347","2021",34.9814098175731,1.55682099296214,34.202999321092,35.7598203140542,0.395375272742964,"Ahya_347"
"31","Davies_2021","Davies","Davies_348_2021","348","2021",34.7990180409123,2.56237631688752,33.5178298824685,36.080206199356,0.650749340957881,"Ahya_348"
"32","Davies_2021","Davies","Davies_349_2021","349","2021",34.9750865494244,1.30710133583318,34.3215358815078,35.628637217341,0.331955664455959,"Ahya_349"
"33","Davies_2021","Davies","Davies_350_2021","350","2021",36.2090180931078,11.3466497124349,30.5356932368904,41.8823429493253,2.88163170014621,"Ahya_350"
"34","Davies_2021","Davies","Davies_355_2021","355","2021",35.015777895024,1.53037184208976,34.2505919739791,35.7809638160688,0.388658161214237,"Ahya_355"
"35","Davies_2021","Davies","Davies_356_2021","356","2021",34.9144925057326,1.98293788022022,33.9230235656225,35.9059614458427,0.503593289638719,"Ahya_356"
"36","Davies_2021","Davies","Davies_357_2021","357","2021",34.3794587254552,2.45651454803578,33.1512014514373,35.6077159994731,0.623864345237744,"Ahya_357"
"37","Davies_2021","Davies","Davies_358_2021","358","2021",34.1174358247994,3.48390453002725,32.3754835597858,35.859388089813,0.884783613528429,"Ahya_358"
"38","Davies_2021","Davies","Davies_331_2021","331","2021",34.6927980574448,3.03045508981272,33.1775705125385,36.2080256023512,0.769624133465894,"Ahya_331"
"39","Davies_2021","Davies","Davies_332_2021","332","2021",34.7163642143614,5.20216446275936,32.1152819829817,37.3174464457411,1.32115843929093,"Ahya_332"
"40","Davies_2021","Davies","Davies_333_2021","333","2021",35.6462039475042,2.4882081251383,34.402099884935,36.8903080100733,0.631913348140298,"Ahya_333"
"41","Davies_2021","Davies","Davies_334_2021","334","2021",33.9355710857537,2.76500795168006,32.5530671099137,35.3180750615938,0.702210323456596,"Ahya_334"
"42","Davies_2021","Davies","Davies_351_2021","351","2021",35.0923923849563,NA,NA,NA,NA,"Ahya_351"
"43","Davies_2021","Davies","Davies_352_2021","352","2021",34.5775451040403,1.91857232829113,33.6182589398947,35.5368312681859,0.487246806796915,"Ahya_352"
"44","Davies_2021","Davies","Davies_353_2021","353","2021",35.5506313323835,1.70975812351155,34.6957522706277,36.4055103941393,0.434215678914802,"Ahya_353"
"45","Davies_2021","Davies","Davies_354_2021","354","2021",34.9939106024414,1.21589999833799,34.3859606032724,35.6018606016104,0.308793879093547,"Ahya_354"
"46","Davies_2021","Davies","Davies_339_2021","339","2021",33.8565659661195,2.31547217894722,32.6988298766459,35.0143020555931,0.588044770990738,"Ahya_339"
"47","Davies_2021","Davies","Davies_340_2021","340","2021",34.4988806979895,12.8746985754518,28.0615314102636,40.9362299857154,3.2696999101145,"Ahya_340"
"48","Davies_2021","Davies","Davies_341_2021","341","2021",34.6824235091665,2.087856647034,33.6384951856495,35.7263518326835,0.530238797524582,"Ahya_341"
"49","Davies_2021","Davies","Davies_342_2021","342","2021",34.6840612856009,3.90500122830592,32.7315606714479,36.6365618997539,0.991726687064655,"Ahya_342"
"50","Davies_2021","Davies","Davies_335_2021","335","2021",34.8426483649684,3.11429516596198,33.2855007819874,36.3997959479494,0.790916429191706,"Ahya_335"
"51","Davies_2021","Davies","Davies_336_2021","336","2021",34.5474972779062,2.14467022600236,33.475162164905,35.6198323909074,0.544667356993953,"Ahya_336"
"52","Davies_2021","Davies","Davies_337_2021","337","2021",34.903638131661,3.33699218894282,33.2351420371896,36.5721342261324,0.847473282290512,"Ahya_337"
"53","Davies_2021","Davies","Davies_338_2021","338","2021",33.7002232492768,3.91343582157536,31.7435053384891,35.6569411600645,0.993868763532958,"Ahya_338"
"54","Davies_2021","Davies","Davies_359_2021","359","2021",35.2155925023206,0.662712371039376,34.8842363168009,35.5469486878403,0.168304567856118,"Ahya_359"
"55","Davies_2021","Davies","Davies_360_2021","360","2021",35.0506632222146,1.42377447695843,34.3387759837354,35.7625504606938,0.361586351094119,"Ahya_360"
"56","Davies_2021","Davies","Davies_343_2021","343","2021",34.9173108820343,2.37732955788188,33.7286461030934,36.1059756609753,0.603754270141903,"Ahya_343"
"57","Davies_2021","Davies","Davies_344_2021","344","2021",34.2958897663792,1.91419881750898,33.3387903576247,35.2529891751337,0.48613609591483,"Ahya_344"
"58","Davies_2021","Davies","Davies_345_2021","345","2021",33.5740124597872,2.83385363802769,32.1570856407734,34.9909392788011,0.719694595662532,"Ahya_345"
"59","Davies_2021","Davies","Davies_346_2021","346","2021",35.1631846919923,1.39580340301009,34.4652829904872,35.8610863934973,0.354482727080035,"Ahya_346"
"60","EastCay-22Jan_2021","EastCay-22Jan","EastCay-22Jan_42_2021","42","2021",35.0663466435474,1.23784472264215,34.4474242822263,35.6852690048685,0.311065294073971,"Ahya_42a"
"61","EastCay-22Jan_2021","EastCay-22Jan","EastCay-22Jan_43_2021","43","2021",35.5160518952757,1.14199457983871,34.9450546053563,36.087049185195,0.286978546913514,"Ahya_43a"
"62","EastCay-22Jan_2021","EastCay-22Jan","EastCay-22Jan_41_2021","41","2021",35.9592288186597,2.2693056477011,34.8245759948092,37.0938816425103,0.570267187583212,"Ahya_41a"
"63","EastCay-22Jan_2021","EastCay-22Jan","EastCay-22Jan_45_2021","45","2021",35.3881257933135,0.812149597043671,34.9820509947917,35.7942005918353,0.204089857649681,"Ahya_45a"
"64","EastCay-22Jan_2021","EastCay-22Jan","EastCay-22Jan_38_2021","38","2021",35.0220182321388,1.22951278782696,34.4072618382254,35.6367746260523,0.30897151308021,"Ahya_38a"
"65","EastCay-22Jan_2021","EastCay-22Jan","EastCay-22Jan_39_2021","39","2021",35.2338417370613,1.15591122000441,34.6558861270591,35.8117973470636,0.29047574142142,"Ahya_39a"
"66","EastCay-22Jan_2021","EastCay-22Jan","EastCay-22Jan_40_2021","40","2021",35.3390886376945,0.580391496654173,35.0488928893674,35.6292843860216,0.145849999020397,"Ahya_40a"
"67","EastCay-22Jan_2021","EastCay-22Jan","EastCay-22Jan_44_2021","44","2021",36.0638443875404,8.18924238272887,31.9692231961759,40.1584655789048,2.05792297162218,"Ahya_44a"
"68","EastCay-22Jan_2021","EastCay-22Jan","EastCay-22Jan_51_2021","51","2021",35.0441067972969,0.998639406484358,34.5447870940548,35.5434265005391,0.25095398071323,"Ahya_51a"
"69","EastCay-23Jan_2021","EastCay-23Jan","EastCay-23Jan_55_2021","55","2021",35.4710166204238,0.730950580342125,35.1055413302527,35.8364919105948,0.185425623881264,"Ahya_55a"
"70","EastCay-23Jan_2021","EastCay-23Jan","EastCay-23Jan_56_2021","56","2021",35.741598756758,0.307343266987829,35.587927123264,35.8952703902519,0.0779660329433615,"Ahya_56a"
"71","EastCay-23Jan_2021","EastCay-23Jan","EastCay-23Jan_57_2021","57","2021",35.598805346404,0.71132404591458,35.2431433234467,35.9544673693613,0.180446816163304,"Ahya_57a"
"72","EastCay-23Jan_2021","EastCay-23Jan","EastCay-23Jan_58_2021","58","2021",36.341276774983,2.46395925446359,35.1092971477512,37.5732564022148,0.625050713774767,"Ahya_58a"
"73","EastCay-23Jan_2021","EastCay-23Jan","EastCay-23Jan_82_2021","82","2021",35.5739502732368,0.439660267327838,35.3541201395729,35.7937804069007,0.111531862149846,"Ahya_82a"
"74","EastCay-23Jan_2021","EastCay-23Jan","EastCay-23Jan_83_2021","83","2021",35.5138737212984,0.450249526089905,35.2887489582535,35.7389984843434,0.114218117507187,"Ahya_83a"
"75","EastCay-23Jan_2021","EastCay-23Jan","EastCay-23Jan_84_2021","84","2021",35.7575716828702,0.392567389362171,35.5612879881892,35.9538553775513,0.0995854645246309,"Ahya_84a"
"76","EastCay-23Jan_2021","EastCay-23Jan","EastCay-23Jan_85_2021","85","2021",34.5996743127924,1.9918902324809,33.6037291965519,35.5956194290328,0.505297483843427,"Ahya_85a"
"77","EastCay-23Jan_2021","EastCay-23Jan","EastCay-23Jan_59_2021","59","2021",35.2781143292075,1.15611493339604,34.7000568625095,35.8561717959056,0.293280200561671,"Ahya_59a"
"78","EastCay-23Jan_2021","EastCay-23Jan","EastCay-23Jan_60_2021","60","2021",35.4960360509269,0.479625103356398,35.2562234992487,35.7358486026051,0.121670036813362,"Ahya_60a"
"79","EastCay-23Jan_2021","EastCay-23Jan","EastCay-23Jan_61_2021","61","2021",35.9219953827695,0.862369603552523,35.4908105809932,36.3531801845458,0.218763656607427,"Ahya_61a"
"80","EastCay-23Jan_2021","EastCay-23Jan","EastCay-23Jan_81_2021","81","2021",35.567609181032,0.537629469234687,35.2987944464146,35.8364239156493,0.136384432040721,"Ahya_81a"
"81","EastCay-23Jan_2021","EastCay-23Jan","EastCay-23Jan_67_2021","67","2021",34.2328367716156,1.1680516487974,33.6488109472169,34.8168625960143,0.296308275181097,"Ahya_67a"
"82","EastCay-23Jan_2021","EastCay-23Jan","EastCay-23Jan_68_2021","68","2021",35.8054585072476,0.572074156862527,35.5194214288163,36.0914955856788,0.145122269952822,"Ahya_68a"
"83","EastCay-23Jan_2021","EastCay-23Jan","EastCay-23Jan_69_2021","69","2021",35.7721086293942,1.0575071587615,35.2433550500134,36.3008622087749,0.268265639218008,"Ahya_69a"
"84","EastCay-23Jan_2021","EastCay-23Jan","EastCay-23Jan_70_2021","70","2021",34.9502870614178,1.4086994127717,34.245937355032,35.6546367678037,0.357355168049943,"Ahya_70a"
"85","EastCay-23Jan_2021","EastCay-23Jan","EastCay-23Jan_72_2021","72","2021",34.9054709714887,0.953716013797788,34.4286129645898,35.3823289783876,0.241936174099808,"Ahya_72a"
"86","EastCay-23Jan_2021","EastCay-23Jan","EastCay-23Jan_73_2021","73","2021",34.7090068006658,2.38753687793125,33.5152383617002,35.9027752396314,0.605664085966954,"Ahya_73a"
"87","EastCay-23Jan_2021","EastCay-23Jan","EastCay-23Jan_74_2021","74","2021",35.2027469909019,1.2355565503353,34.5849687157342,35.8205252660695,0.313432741347949,"Ahya_74a"
"88","EastCay-23Jan_2021","EastCay-23Jan","EastCay-23Jan_75_2021","75","2021",35.2248084873104,1.1675009130205,34.6410580308002,35.8085589438207,0.296168565975342,"Ahya_75a"
"89","EastCay-23Jan_2021","EastCay-23Jan","EastCay-23Jan_71_2021","71","2021",35.4685572135409,0.511504585896361,35.2128049205927,35.7243095064891,0.129757140234526,"Ahya_71a"
"90","EastCay-23Jan_2021","EastCay-23Jan","EastCay-23Jan_52_2021","52","2021",34.5860316289492,2.3392584624693,33.4164023977145,35.7556608601838,0.593416944302683,"Ahya_52a"
"91","EastCay-23Jan_2021","EastCay-23Jan","EastCay-23Jan_53_2021","53","2021",36.5653121944852,2.30157729791817,35.4145235455261,37.7161008434443,0.583858085423067,"Ahya_53a"
"92","EastCay-23Jan_2021","EastCay-23Jan","EastCay-23Jan_54_2021","54","2021",35.5891024276999,0.930677146423321,35.1237638544883,36.0544410009116,0.236091734720022,"Ahya_54a"
"93","Fitzroy_2021","Fitzroy","Fitzroy_373_2021","373","2021",35.9060865838912,1.64536647362775,35.0834033470773,36.7287698207051,0.415712712450782,"Ahya_373"
"94","Fitzroy_2021","Fitzroy","Fitzroy_374_2021","374","2021",33.862946154165,4.12073257276468,31.8025798677827,35.9233124405474,1.04113031507889,"Ahya_374"
"95","Fitzroy_2021","Fitzroy","Fitzroy_365_2021","365","2021",37.7177778291149,1.04839202212186,37.1935818180539,38.2419738401758,0.264883172359229,"Ahya_365"
"96","Fitzroy_2021","Fitzroy","Fitzroy_366_2021","366","2021",37.1191488371695,1.50485959445564,36.3667190399417,37.8715786343973,0.380212720932267,"Ahya_366"
"97","Fitzroy_2021","Fitzroy","Fitzroy_367_2021","367","2021",36.1321007765144,3.08211054041681,34.591045506306,37.6731560467228,0.778715595197967,"Ahya_367"
"98","Fitzroy_2021","Fitzroy","Fitzroy_368_2021","368","2021",34.4169415916486,1.30126188218472,33.7663106505562,35.067572532741,0.328772413515341,"Ahya_368"
"99","Fitzroy_2021","Fitzroy","Fitzroy_369_2021","369","2021",35.9901559193999,2.00351781793009,34.9883970104349,36.991914828365,0.506202016319694,"Ahya_369"
"100","Fitzroy_2021","Fitzroy","Fitzroy_370_2021","370","2021",36.0817813478722,1.83220310843208,35.1656797936561,36.9978829020882,0.462918222885447,"Ahya_370"
"101","Fitzroy_2021","Fitzroy","Fitzroy_371_2021","371","2021",36.9504431448409,1.92489431662335,35.9879959865293,37.9128903031526,0.486337269155774,"Ahya_371"
"102","Fitzroy_2021","Fitzroy","Fitzroy_372_2021","372","2021",36.0460288049757,1.62418247922423,35.2339375653636,36.8581200445878,0.410360436276943,"Ahya_372"
"103","Fitzroy_2021","Fitzroy","Fitzroy_361_2021","361","2021",34.2849974613189,1.20669923189253,33.6816478453726,34.8883470772652,0.304880535031378,"Ahya_361"
"104","Fitzroy_2021","Fitzroy","Fitzroy_362_2021","362","2021",36.6178713117358,1.89080018738842,35.6724712180416,37.5632714054301,0.477723162104202,"Ahya_362"
"105","Fitzroy_2021","Fitzroy","Fitzroy_363_2021","363","2021",36.331031253217,1.81687824978908,35.4225921283225,37.2394703781116,0.45904629607977,"Ahya_363"
"106","Fitzroy_2021","Fitzroy","Fitzroy_364_2021","364","2021",36.2293532633932,1.74015106706912,35.3592777298586,37.0994287969277,0.439660666338027,"Ahya_364"
"107","Heron_2022","Heron","Heron_1800_2022","1800","2022",35.2438085790725,1.0700617084199,34.7087777248626,35.7788394332825,0.269000338540195,"Ahya_1800"
"108","Heron_2022","Heron","Heron_1801_2022","1801","2022",35.4796889813114,1.231072258946,34.8641528518384,36.0952251107844,0.309476408526868,"Ahya_1801"
"109","Heron_2022","Heron","Heron_1802_2022","1802","2022",36.2641219816315,0.582185166037135,35.9730293986129,36.5552145646501,0.14635418268384,"Ahya_1802"
"110","Heron_2022","Heron","Heron_1803_2022","1803","2022",35.2388646563852,1.33786092318083,34.5699341947948,35.9077951179756,0.336321763897863,"Ahya_1803"
"111","Heron_2022","Heron","Heron_1804_2022","1804","2022",35.2492372480454,1.13870744344077,34.6798835263251,35.8185909697658,0.286257031135261,"Ahya_1804"
"112","Heron_2022","Heron","Heron_1805_2022","1805","2022",33.9210786683482,7.44327222541519,30.1994425556406,37.6427147810558,1.87114699341976,"Ahya_1805"
"113","Heron_2022","Heron","Heron_1806_2022","1806","2022",35.9165915413628,0.891087115016433,35.4710479838546,36.362135098871,0.224008329353437,"Ahya_1806"
"114","Heron_2022","Heron","Heron_1807_2022","1807","2022",35.2618073241241,1.10981200258965,34.7069013228292,35.8167133254189,0.278993073075592,"Ahya_1807"
"115","Heron_2022","Heron","Heron_1808_2022","1808","2022",35.7173713602404,1.53734536776911,34.9486986763559,36.486044044125,0.386469697148356,"Ahya_1808"
"116","Heron_2022","Heron","Heron_1809_2022","1809","2022",35.2298475333541,1.45063863313763,34.5045282167853,35.9551668499229,0.364672691624231,"Ahya_1809"
"117","Heron_2022","Heron","Heron_1796_2022","1796","2022",34.2585138358072,2.06120763376872,33.2279100189229,35.2891176526916,0.518162220853755,"Ahya_1796"
"118","Heron_2022","Heron","Heron_1797_2022","1797","2022",34.8659092324296,1.29386005797171,34.2189792034437,35.5128392614154,0.325260488137614,"Ahya_1797"
"119","Heron_2022","Heron","Heron_1798_2022","1798","2022",36.2716144635138,0.918463941479587,35.812382492774,36.7308464342536,0.230890526453656,"Ahya_1798"
"120","Heron_2022","Heron","Heron_1799_2022","1799","2022",35.1866562661724,1.23941629581648,34.5669481182642,35.8063644140806,0.311573996661545,"Ahya_1799"
"121","Hicks-21March_2021","Hicks-21March","Hicks-21March_33_2021","33","2021",36.5380604823108,1.24643379494228,35.9148435848396,37.1612773797819,0.316105576971458,"Ahya_33b"
"122","Hicks-21March_2021","Hicks-21March","Hicks-21March_34_2021","34","2021",36.3617342347643,1.17068187144847,35.77639329904,36.9470751704885,0.296894283455608,"Ahya_34b"
"123","Hicks-21March_2021","Hicks-21March","Hicks-21March_35_2021","35","2021",36.4729583794864,1.06435157343098,35.9407825927709,37.0051341662019,0.269928069653682,"Ahya_35b"
"124","Hicks-21March_2021","Hicks-21March","Hicks-21March_36_2021","36","2021",35.7091640107532,1.20740523123084,35.1054613951377,36.3128666263686,0.30620762113904,"Ahya_36b"
"125","Hicks-21March_2021","Hicks-21March","Hicks-21March_41_2021","41","2021",37.0996364824121,1.10439759576974,36.5474376845272,37.6518352802969,0.280084061129657,"Ahya_41b"
"126","Hicks-21March_2021","Hicks-21March","Hicks-21March_42_2021","42","2021",36.3232353984521,1.11117802734422,35.76764638478,36.8788244121242,0.281803632793763,"Ahya_42b"
"127","Hicks-21March_2021","Hicks-21March","Hicks-21March_43_2021","43","2021",36.1830216288422,1.45348469506247,35.456279281311,36.9097639763734,0.3686153408358,"Ahya_43b"
"128","Hicks-21March_2021","Hicks-21March","Hicks-21March_37_2021","37","2021",33.8787418295989,0.983419421902781,33.3870321186475,34.3704515405502,0.249403028886836,"Ahya_37b"
"129","Hicks-21March_2021","Hicks-21March","Hicks-21March_38_2021","38","2021",36.1959640258941,1.27557175508628,35.5581781483509,36.8337499034372,0.323495196653197,"Ahya_38b"
"130","Hicks-21March_2021","Hicks-21March","Hicks-21March_39_2021","39","2021",36.2173534438817,1.21808188716344,35.6083125003,36.8263943874635,0.308915306454855,"Ahya_39b"
"131","Hicks-21March_2021","Hicks-21March","Hicks-21March_40_2021","40","2021",36.4315302351755,1.01274568516352,35.9251573925938,36.9379030777573,0.256840403744665,"Ahya_40b"
"132","Hicks-21March_2021","Hicks-21March","Hicks-21March_25_2021","25","2021",36.4567309536085,3.70679937206208,34.6033312675774,38.3101306396395,0.940073960588805,"Ahya_25b"
"133","Hicks-21March_2021","Hicks-21March","Hicks-21March_26_2021","26","2021",36.8821197299945,2.76863145459743,35.4978040026957,38.2664354572932,0.702147075061757,"Ahya_26b"
"134","Hicks-21March_2021","Hicks-21March","Hicks-21March_27_2021","27","2021",36.2813608960594,1.19603886412348,35.6833414639977,36.8793803281212,0.303325019554325,"Ahya_27b"
"135","Hicks-21March_2021","Hicks-21March","Hicks-21March_28_2021","28","2021",36.1201951552435,1.20798601837978,35.5162021460536,36.7241881644334,0.30635491340403,"Ahya_28b"
"136","Hicks-21March_2021","Hicks-21March","Hicks-21March_21_2021","21","2021",36.6363265248821,1.24500385087613,36.013824599444,37.2588284503202,0.315742931722347,"Ahya_21b"
"137","Hicks-21March_2021","Hicks-21March","Hicks-21March_22_2021","22","2021",36.7949633137548,4.58024176640996,34.5048424305498,39.0850841969598,1.16158593590351,"Ahya_22b"
"138","Hicks-21March_2021","Hicks-21March","Hicks-21March_23_2021","23","2021",36.4102412781303,1.22043244866133,35.8000250537996,37.020457502461,0.309511427645979,"Ahya_23b"
"139","Hicks-21March_2021","Hicks-21March","Hicks-21March_24_2021","24","2021",35.6909361056119,1.10540184099112,35.1382351851163,36.2436370261074,0.280338745747818,"Ahya_24b"
"140","Hicks-21March_2021","Hicks-21March","Hicks-21March_29_2021","29","2021",36.8684471862841,1.07860122823587,36.3291465721662,37.407747800402,0.27354189605346,"Ahya_29b"
"141","Hicks-21March_2021","Hicks-21March","Hicks-21March_30_2021","30","2021",36.1208282596197,1.32442032922204,35.4586180950087,36.7830384242307,0.33588358565073,"Ahya_30b"
"142","Hicks-21March_2021","Hicks-21March","Hicks-21March_31_2021","31","2021",36.0579031996467,1.21532083724024,35.4502427810266,36.6655636182668,0.308215082116778,"Ahya_31b"
"143","Hicks-21March_2021","Hicks-21March","Hicks-21March_32_2021","32","2021",35.6974115087616,1.08253880062186,35.1561421084507,36.2386809090726,0.274540495895661,"Ahya_32b"
"144","Kelso_2021","Kelso","Kelso_200_2021","200","2021",34.758227767073,1.85578925358718,33.8303331402795,35.6861223938666,0.471495119155636,"Ahya_200"
"145","Kelso_2021","Kelso","Kelso_201_2021","201","2021",35.4410105723815,2.61849474557236,34.1317631995954,36.7502579451677,0.665273543149147,"Ahya_201"
"146","Kelso_2021","Kelso","Kelso_202_2021","202","2021",35.4275164899386,NA,NA,NA,NA,"Ahya_202"
"147","Kelso_2021","Kelso","Kelso_203_2021","203","2021",35.5421077479473,1.50311652746845,34.790549484213,36.2936660116815,0.381892558572386,"Ahya_203"
"148","Kelso_2021","Kelso","Kelso_220_2021","220","2021",34.4863165968846,1.59018589183822,33.6912236509655,35.2814095428037,0.404014025354766,"Ahya_220"
"149","Kelso_2021","Kelso","Kelso_204_2021","204","2021",35.4959006660075,16.9417080381508,27.0250466469321,43.9667546850829,4.30433177404574,"Ahya_204"
"150","Kelso_2021","Kelso","Kelso_205_2021","205","2021",35.5433891970884,8.75118143420667,31.1677984799851,39.9189799141917,2.22338787936086,"Ahya_205"
"151","Kelso_2021","Kelso","Kelso_206_2021","206","2021",35.6024868215379,3.50082777907129,33.8520729320022,37.3529007110735,0.889445397771317,"Ahya_206"
"152","Kelso_2021","Kelso","Kelso_207_2021","207","2021",35.6274515115402,3.15180268710229,34.0515501679891,37.2033528550914,0.800769581264602,"Ahya_207"
"153","Kelso_2021","Kelso","Kelso_208_2021","208","2021",34.9093143534742,3.0524143711705,33.383107167889,36.4355215390595,0.775518273352155,"Ahya_208"
"154","Kelso_2021","Kelso","Kelso_209_2021","209","2021",36.1279507825246,0.72740928545106,35.7642461397991,36.4916554252502,0.184810816775513,"Ahya_209"
"155","Kelso_2021","Kelso","Kelso_210_2021","210","2021",36.0216622000916,1.58499860705741,35.2291628965628,36.8141615036203,0.402696106603438,"Ahya_210"
"156","Kelso_2021","Kelso","Kelso_211_2021","211","2021",36.3748655736839,0.429932270681803,36.159899438343,36.5898317090248,0.109231674233559,"Ahya_211"
"157","Kelso_2021","Kelso","Kelso_188_2021","188","2021",35.1695167489917,2.1785560057143,34.0802387461345,36.2587947518488,0.553499553635192,"Ahya_188"
"158","Kelso_2021","Kelso","Kelso_189_2021","189","2021",35.5388809509804,2.28322166476015,34.3972701186003,36.6804917833605,0.580091661164611,"Ahya_189"
"159","Kelso_2021","Kelso","Kelso_190_2021","190","2021",34.44170383358,2.06564462064418,33.4088815232579,35.4745261439021,0.52481247785072,"Ahya_190"
"160","Kelso_2021","Kelso","Kelso_191_2021","191","2021",36.254291974477,1.47285287527394,35.51786553684,36.9907184121139,0.374203558180798,"Ahya_191"
"161","Kelso_2021","Kelso","Kelso_196_2021","196","2021",35.5357816276102,2.03099858248923,34.5202823363656,36.5512809188549,0.516010057071228,"Ahya_196"
"162","Kelso_2021","Kelso","Kelso_197_2021","197","2021",35.6818903759268,NA,NA,NA,NA,"Ahya_197"
"163","Kelso_2021","Kelso","Kelso_198_2021","198","2021",36.0745360129621,1.14908566604709,35.4999931799386,36.6490788459857,0.291944940399697,"Ahya_198"
"164","Kelso_2021","Kelso","Kelso_199_2021","199","2021",35.8756316370329,3.11352909287127,34.3188670905972,37.4323961834685,0.791045517587874,"Ahya_199"
"165","Kelso_2021","Kelso","Kelso_212_2021","212","2021",35.2761991872076,1.59392803813314,34.4792351681411,36.0731632062742,0.404964781864327,"Ahya_212"
"166","Kelso_2021","Kelso","Kelso_213_2021","213","2021",35.7015778028712,NA,NA,NA,NA,"Ahya_213"
"167","Kelso_2021","Kelso","Kelso_214_2021","214","2021",35.586080956529,6.95787691562828,32.1071424987148,39.0650194143431,1.76776807984156,"Ahya_214"
"168","Kelso_2021","Kelso","Kelso_215_2021","215","2021",34.8498304912182,1.63667161465824,34.0314946838891,35.6681662985474,0.415824521281337,"Ahya_215"
"169","Kelso_2021","Kelso","Kelso_219_2021","219","2021",34.6559999128361,1.95155466834291,33.6802225786646,35.6317772470075,0.495825966828109,"Ahya_219"
"170","Kelso_2021","Kelso","Kelso_218_2021","218","2021",35.7427275126098,1.83032421048415,34.8275654073678,36.6578896178519,0.465025287783915,"Ahya_218"
"171","Kelso_2021","Kelso","Kelso_217_2021","217","2021",35.1122510623838,1.95699056673311,34.1337557790172,36.0907463457503,0.497207050134986,"Ahya_217"
"172","Kelso_2021","Kelso","Kelso_216_2021","216","2021",35.5147467460955,1.92920677428816,34.5501433589514,36.4793501332396,0.490148100685792,"Ahya_216"
"173","Kelso_2021","Kelso","Kelso_192_2021","192","2021",34.9014249959796,1.53296806288594,34.1349409645367,35.6679090274226,0.389476853621751,"Ahya_192"
"174","Kelso_2021","Kelso","Kelso_193_2021","193","2021",34.84308531381,1.73725090875541,33.9744598594323,35.7117107681877,0.441378417642829,"Ahya_193"
"175","Kelso_2021","Kelso","Kelso_194_2021","194","2021",35.7235961279663,1.67770120486315,34.8847455255347,36.5624467303979,0.426248793048823,"Ahya_194"
"176","Kelso_2021","Kelso","Kelso_195_2021","195","2021",35.0819131865008,2.27930988790924,33.9422582425462,36.2215681304554,0.579097807100166,"Ahya_195"
"177","LadyMusgrave_2021","LadyMusgrave","LadyMusgrave_98_2021","98","2021",40,67.4983142191298,6.2508428904351,73.7491571095649,17.1445788703117,"Ahya_98a"
"178","LadyMusgrave_2021","LadyMusgrave","LadyMusgrave_99_2021","99","2021",40,49.5093116927562,15.2453441536219,64.7546558463781,12.5753703474085,"Ahya_99a"
"179","LadyMusgrave_2021","LadyMusgrave","LadyMusgrave_100_2021","100","2021",35.3042302388131,1.54583735964519,34.5313115589905,36.0771489186357,0.392642851006199,"Ahya_100a"
"180","LadyMusgrave_2021","LadyMusgrave","LadyMusgrave_101_2021","101","2021",34.3559992452477,1.17074194924439,33.7706282706255,34.9413702198699,0.297368577538702,"Ahya_101a"
"181","LadyMusgrave_2021","LadyMusgrave","LadyMusgrave_102_2021","102","2021",35.2517662332756,1.63067417793555,34.4364291443078,36.0671033222433,0.41419141172378,"Ahya_102a"
"182","LadyMusgrave_2021","LadyMusgrave","LadyMusgrave_103_2021","103","2021",35.2636711788542,1.90843014495015,34.3094561063791,36.2178862513292,0.484741456391888,"Ahya_103a"
"183","LadyMusgrave_2021","LadyMusgrave","LadyMusgrave_104_2021","104","2021",36.7316682292513,7.76804362563173,32.8476464164354,40.6156900420672,1.97308389325553,"Ahya_104a"
"184","LadyMusgrave_2021","LadyMusgrave","LadyMusgrave_105_2021","105","2021",38.7516619891572,28.4063291482301,24.5484974150422,52.9548265632723,7.21521057424928,"Ahya_105a"
"185","LadyMusgrave_2021","LadyMusgrave","LadyMusgrave_106_2021","106","2021",36.0195258206791,4.31695424062551,33.8610487003664,38.1780029409919,1.09650682856543,"Ahya_106a"
"186","LadyMusgrave_2021","LadyMusgrave","LadyMusgrave_107_2021","107","2021",37.5885560714916,14.0351794853003,30.5709663288415,44.6061458141417,3.5649370569986,"Ahya_107a"
"187","LadyMusgrave_2021","LadyMusgrave","LadyMusgrave_108_2021","108","2021",35.1652955546943,2.47893541374759,33.9258278478205,36.4047632615681,0.629649854327167,"Ahya_108a"
"188","LadyMusgrave_2021","LadyMusgrave","LadyMusgrave_109_2021","109","2021",35.3764248940387,1.52271575996923,34.6150670140541,36.1377827740234,0.386769962270557,"Ahya_109a"
"189","LadyMusgrave_2021","LadyMusgrave","LadyMusgrave_80_2021","80","2021",34.7309690439235,0.803609751066361,34.3291641683903,35.1327739194566,0.204116960808542,"Ahya_80a"
"190","LadyMusgrave_2021","LadyMusgrave","LadyMusgrave_95_2021","95","2021",35.0655268162545,1.31538175266654,34.4078359399212,35.7232176925877,0.334107102733668,"Ahya_95a"
"191","LadyMusgrave_2021","LadyMusgrave","LadyMusgrave_96_2021","96","2021",35.6659496562046,3.54632782667829,33.8927857428654,37.4391135695437,0.900767638834386,"Ahya_96a"
"192","LadyMusgrave_2021","LadyMusgrave","LadyMusgrave_97_2021","97","2021",37.1172909426256,15.0767689516223,29.5789064668144,44.6556754184367,3.82950089036887,"Ahya_97a"
"193","LadyMusgrave_2021","LadyMusgrave","LadyMusgrave_114_2021","114","2021",34.8386719222476,0.722119551655993,34.4776121464196,35.1997316980756,0.183418441636453,"Ahya_114a"
"194","LadyMusgrave_2021","LadyMusgrave","LadyMusgrave_115_2021","115","2021",34.8993011266813,1.04284750474442,34.3778773743091,35.4207248790535,0.264883375261116,"Ahya_115a"
"195","LadyMusgrave_2021","LadyMusgrave","LadyMusgrave_116_2021","116","2021",35.3087850942504,1.79534761161688,34.411111288442,36.2064589000588,0.456018481099601,"Ahya_116a"
"196","LadyMusgrave_2021","LadyMusgrave","LadyMusgrave_117_2021","117","2021",34.3350971241037,1.0833212880551,33.7934364800761,34.8767577681312,0.275163720454584,"Ahya_117a"
"197","LadyMusgrave_2021","LadyMusgrave","LadyMusgrave_76_2021","76","2021",33.7822722018415,0.730807374166346,33.4168685147583,34.1476758889247,0.185625149462612,"Ahya_76a"
"198","LadyMusgrave_2021","LadyMusgrave","LadyMusgrave_77_2021","77","2021",35.1694540515309,1.18668502804469,34.5761115375086,35.7627965655533,0.301418121221229,"Ahya_77a"
"199","LadyMusgrave_2021","LadyMusgrave","LadyMusgrave_78_2021","78","2021",35.8600982481758,3.20459312603775,34.2578016851569,37.4623948111947,0.813966989134701,"Ahya_78a"
"200","LadyMusgrave_2021","LadyMusgrave","LadyMusgrave_79_2021","79","2021",39.0056686278316,41.7357046391214,18.1378163082709,59.8735209473923,10.6008733428584,"Ahya_79a"
"201","LadyMusgrave_2021","LadyMusgrave","LadyMusgrave_118_2021","118","2021",36.4004297982942,6.65167334943027,33.0745931235791,39.7262664730094,1.68952572635566,"Ahya_118a"
"202","LadyMusgrave_2021","LadyMusgrave","LadyMusgrave_111_2021","111","2021",34.5633724056885,0.56990069991609,34.2784220557304,34.8483227556465,0.144754837376192,"Ahya_111a"
"203","LadyMusgrave_2021","LadyMusgrave","LadyMusgrave_120_2021","120","2021",34.312374372533,0.876819452101202,33.8739646464824,34.7507840985836,0.222712232527313,"Ahya_120a"
"204","LadyMusgrave_2021","LadyMusgrave","LadyMusgrave_110_2021","110","2021",34.5217683662964,0.540876665475722,34.2513300335585,34.7922066990342,0.137382729593144,"Ahya_110a"
"205","LadyMusgrave_2021","LadyMusgrave","LadyMusgrave_119_2021","119","2021",36.0778513683768,4.51871207662083,33.8184953300664,38.3372074066873,1.14775334000711,"Ahya_119a"
"206","LadyMusgrave_2021","LadyMusgrave","LadyMusgrave_112_2021","112","2021",34.5266986018389,0.611689731870285,34.2208537359038,34.8325434677741,0.155369255862655,"Ahya_112a"
"207","LadyMusgrave_2021","LadyMusgrave","LadyMusgrave_113_2021","113","2021",34.9341015032257,0.740936048844787,34.5636334788033,35.3045695276481,0.188197833890143,"Ahya_113a"
"208","LadyMusgrave_2022","LadyMusgrave","LadyMusgrave_1786_2022","1786","2022",35.2101646179195,0.95352548235509,34.733401876742,35.686927359097,0.24027752650554,"Ahya_1786"
"209","LadyMusgrave_2022","LadyMusgrave","LadyMusgrave_1780_2022","1780","2022",34.8045631369288,1.08507940689228,34.2620234334826,35.3471028403749,0.273427612344693,"Ahya_1780"
"210","LadyMusgrave_2022","LadyMusgrave","LadyMusgrave_1787_2022","1787","2022",34.5762133381491,1.02956863662561,34.0614290198363,35.0909976564619,0.259439532507383,"Ahya_1787"
"211","LadyMusgrave_2022","LadyMusgrave","LadyMusgrave_1788_2022","1788","2022",35.5177579246757,1.35992203517696,34.8377969070872,36.1977189422641,0.342684814301602,"Ahya_1788"
"212","LadyMusgrave_2022","LadyMusgrave","LadyMusgrave_1781_2022","1781","2022",35.5501953977384,NA,NA,NA,NA,"Ahya_1781"
"213","LadyMusgrave_2022","LadyMusgrave","LadyMusgrave_1783_2022","1783","2022",35.3546756278604,1.68667493454903,34.5113381605859,36.1980130951349,0.425022811442191,"Ahya_1783"
"214","LadyMusgrave_2022","LadyMusgrave","LadyMusgrave_1784_2022","1784","2022",35.4487177031818,1.7544786236585,34.5714783913525,36.325957015011,0.442108566368148,"Ahya_1784"
"215","LadyMusgrave_2022","LadyMusgrave","LadyMusgrave_1785_2022","1785","2022",35.4148441138143,1.48146986909182,34.6741091792684,36.1555790483603,0.373313479634209,"Ahya_1785"
"216","LadyMusgrave_2022","LadyMusgrave","LadyMusgrave_1789_2022","1789","2022",34.5628918031083,1.01900575069251,34.0533889277621,35.0723946784546,0.256777805944507,"Ahya_1789"
"217","LadyMusgrave_2022","LadyMusgrave","LadyMusgrave_1790_2022","1790","2022",32.3568206828098,1.1618794566515,31.775880954484,32.9377604111355,0.29278034736135,"Ahya_1790"
"218","LadyMusgrave_2022","LadyMusgrave","LadyMusgrave_1791_2022","1791","2022",34.1590515554429,0.860968655330524,33.7285672277776,34.5895358831081,0.21695426365604,"Ahya_1791"
"219","Mackay_2021","Mackay","Mackay_292_2021","292","2021",35.9845507537572,3.96598099837365,34.0015602545703,37.967541252944,1.00762555865794,"Ahya_292"
"220","Mackay_2021","Mackay","Mackay_293_2021","293","2021",36.3140312487891,4.93485726979281,33.8466026138927,38.7814598836855,1.2537852086057,"Ahya_293"
"221","Mackay_2021","Mackay","Mackay_294_2021","294","2021",35.1375299288752,2.75168205232868,33.7616889027109,36.5133709550396,0.699112064925096,"Ahya_294"
"222","Mackay_2021","Mackay","Mackay_295_2021","295","2021",35.8089926823111,2.86687413320671,34.3755556157078,37.2424297489145,0.728378590633439,"Ahya_295"
"223","Mackay_2021","Mackay","Mackay_275_2021","275","2021",35.9938290692257,2.50334387896267,34.7421571297443,37.245501008707,0.636017488633222,"Ahya_275"
"224","Mackay_2021","Mackay","Mackay_274_2021","274","2021",36.5593343424978,2.68309396305101,35.2177873609723,37.9008813240233,0.68168608335735,"Ahya_274"
"225","Mackay_2021","Mackay","Mackay_273_2021","273","2021",36.0404924917135,2.35165238530115,34.8646662990629,37.216318684364,0.597477660503178,"Ahya_273"
"226","Mackay_2021","Mackay","Mackay_272_2021","272","2021",36.3053883213878,1.9499240988976,35.330426271939,37.2803503708366,0.495411692667709,"Ahya_272"
"227","Mackay_2021","Mackay","Mackay_296_2021","296","2021",35.6568730850135,2.37275369097506,34.4704962395259,36.843249930501,0.602838809466522,"Ahya_296"
"228","Mackay_2021","Mackay","Mackay_297_2021","297","2021",36.2946455030083,3.72228243200055,34.433504287008,38.1557867190086,0.945709754173114,"Ahya_297"
"229","Mackay_2021","Mackay","Mackay_298_2021","298","2021",35.9176975632682,3.30940192818233,34.2629965991771,37.5723985273594,0.840810374047637,"Ahya_298"
"230","Mackay_2021","Mackay","Mackay_299_2021","299","2021",36.1511726061123,7.24404010996038,32.5291525511321,39.7731926610925,1.84047275207133,"Ahya_299"
"231","Mackay_2021","Mackay","Mackay_288_2021","288","2021",36.5484044020548,2.18879479574298,35.4540070041833,37.6428017999263,0.556100894016517,"Ahya_288"
"232","Mackay_2021","Mackay","Mackay_289_2021","289","2021",36.0303420191924,1.88514941018754,35.0877673140987,36.9729167242862,0.47895457098076,"Ahya_289"
"233","Mackay_2021","Mackay","Mackay_290_2021","290","2021",36.4815227575814,1.74402008698353,35.6095127140896,37.3535328010731,0.443098243581619,"Ahya_290"
"234","Mackay_2021","Mackay","Mackay_291_2021","291","2021",36.8652329204793,4.10433019293809,34.8130678240103,38.9173980169483,1.04277554664831,"Ahya_291"
"235","Mackay_2021","Mackay","Mackay_300_2021","300","2021",35.8720713536876,2.61714091794826,34.5635008947135,37.1806418126618,0.664929579999392,"Ahya_300"
"236","Mackay_2021","Mackay","Mackay_287_2021","287","2021",35.6313237537145,3.31993056535353,33.9713584710377,37.2912890363913,0.843485355071473,"Ahya_287"
"237","Mackay_2021","Mackay","Mackay_286_2021","286","2021",35.6575297256126,2.48200701303985,34.4165262190927,36.8985332321325,0.630596491544655,"Ahya_286"
"238","Mackay_2021","Mackay","Mackay_285_2021","285","2021",36.2547122806619,2.58950318750107,34.9599606869114,37.5494638744124,0.657907740108251,"Ahya_285"
"239","Mackay_2021","Mackay","Mackay_284_2021","284","2021",36.1241661067483,2.16172824795237,35.0433019827721,37.2050302307244,0.549224172885064,"Ahya_284"
"240","Mackay_2021","Mackay","Mackay_268_2021","268","2021",37.0455034919566,1.50318628824735,36.293910347833,37.7970966360803,0.381910282495883,"Ahya_268"
"241","Mackay_2021","Mackay","Mackay_269_2021","269","2021",38.947036154946,4.62937643572474,36.6323479370837,41.2617243728084,1.17617255836523,"Ahya_269"
"242","Mackay_2021","Mackay","Mackay_270_2021","270","2021",35.9684787522507,2.67876404304303,34.6290967307292,37.3078607737722,0.680585992845377,"Ahya_270"
"243","Mackay_2021","Mackay","Mackay_271_2021","271","2021",35.8129091090142,1.95151514509503,34.8371515364666,36.7886666815617,0.495815925268469,"Ahya_271"
"244","Mackay_2021","Mackay","Mackay_276_2021","276","2021",36.4391452889441,6.13936304196604,33.3694637679611,39.5088268099272,1.55981057839201,"Ahya_276"
"245","Mackay_2021","Mackay","Mackay_277_2021","277","2021",36.4990631611946,2.40243265121062,35.2978468355893,37.7002794867999,0.610379258828233,"Ahya_277"
"246","Mackay_2021","Mackay","Mackay_278_2021","278","2021",35.2225050006212,1.92298372559205,34.2610131378252,36.1839968634172,0.488567028330288,"Ahya_278"
"247","Mackay_2021","Mackay","Mackay_279_2021","279","2021",36.3667429472785,3.12589396453011,34.8037959650135,37.9296899295436,0.794187025506867,"Ahya_279"
"248","Mackay_2021","Mackay","Mackay_280_2021","280","2021",36.440227161522,1.89375257986381,35.4933508715901,37.3871034514539,0.481140353932027,"Ahya_280"
"249","Mackay_2021","Mackay","Mackay_281_2021","281","2021",36.725435745572,1.56120187386364,35.9448348086402,37.5060366825039,0.396650138004888,"Ahya_281"
"250","Mackay_2021","Mackay","Mackay_282_2021","282","2021",35.0460401703303,2.00054398523679,34.0457681777119,36.0463121629487,0.50827254380962,"Ahya_282"
"251","Mackay_2021","Mackay","Mackay_283_2021","283","2021",36.2431554921428,2.09552716795532,35.1953919081652,37.2909190761205,0.532404652004069,"Ahya_283"
"252","Mackay_2022","Mackay","Mackay_791_2022","791","2022",34.45739604185,1.10676938285496,33.9040113504225,35.0107807332774,0.278548237312914,"Ahya_791"
"253","Mackay_2022","Mackay","Mackay_792_2022","792","2022",37.1039020319114,2.52316115837482,35.842321452724,38.3654826110988,0.635021264600542,"Ahya_792"
"254","Mackay_2022","Mackay","Mackay_793_2022","793","2022",36.3221746850073,1.46608279484843,35.589133287583,37.0552160824315,0.36897910674616,"Ahya_793"
"255","Mackay_2022","Mackay","Mackay_794_2022","794","2022",36.32822987522,1.30544383270784,35.6755079588661,36.980951791574,0.328549997989452,"Ahya_794"
"256","Mackay_2022","Mackay","Mackay_795_2022","795","2022",36.1342227149873,1.3868795559585,35.4407829370081,36.8276624929666,0.349045484689003,"Ahya_795"
"257","Mackay_2022","Mackay","Mackay_796_2022","796","2022",36.9915214421735,3.78700178752332,35.0980205484119,38.8850223359352,0.953100699166811,"Ahya_796"
"258","Mackay_2022","Mackay","Mackay_787_2022","787","2022",37.4454306951355,NA,NA,NA,NA,"Ahya_787"
"259","Mackay_2022","Mackay","Mackay_788_2022","788","2022",36.4633381985885,2.27441829379798,35.3261290516895,37.6005473454875,0.572418442779327,"Ahya_788"
"260","Mackay_2022","Mackay","Mackay_789_2022","789","2022",37.7923771709246,0.550449822723166,37.517152259563,38.0676020822862,0.13853548013158,"Ahya_789"
"261","Mackay_2022","Mackay","Mackay_790_2022","790","2022",37.188596419086,1.20599195240318,36.5856004428844,37.7915923952876,0.303520261546203,"Ahya_790"
"262","Martin_2021","Martin","Martin_159_2021","159","2021",36.3322987345815,1.71384082894669,35.4753783201081,37.1892191490548,0.435252535934488,"Ahya_159b"
"263","Martin_2021","Martin","Martin_160_2021","160","2021",36.1983246623361,1.19692901663589,35.5998601540181,36.796789170654,0.303975947488967,"Ahya_160b"
"264","Martin_2021","Martin","Martin_131_2021","131","2021",35.67381383685,0.996210587053895,35.175708543323,36.1719191303769,0.253000848746544,"Ahya_131b"
"265","Martin_2021","Martin","Martin_132_2021","132","2021",36.072065556931,1.9960340879357,35.0740485129631,37.0700826008988,0.506919244723351,"Ahya_132b"
"266","Martin_2021","Martin","Martin_133_2021","133","2021",36.2036466900607,2.41066480382572,34.9983142881479,37.4089790919736,0.612220196550005,"Ahya_133b"
"267","Martin_2021","Martin","Martin_134_2021","134","2021",36.3016874314591,2.37778978275888,35.1127925400797,37.4905823228386,0.603871150333711,"Ahya_134b"
"268","Martin_2021","Martin","Martin_143_2021","143","2021",36.2461854266047,2.63579253605619,34.9282891585766,37.5640816946328,0.669394360397359,"Ahya_143b"
"269","Martin_2021","Martin","Martin_144_2021","144","2021",35.3591712843545,0.897112322002883,34.9106151233531,35.807727445356,0.227833534231887,"Ahya_144b"
"270","Martin_2021","Martin","Martin_145_2021","145","2021",35.9200217039832,1.348184216005,35.2459295959807,36.5941138119857,0.342389205002,"Ahya_145b"
"271","Martin_2021","Martin","Martin_146_2021","146","2021",36.7071944921353,1.80533396653294,35.8045275088688,37.6098614754017,0.458488427787697,"Ahya_146"
"272","Martin_2021","Martin","Martin_151_2021","151","2021",36.0697684570936,1.69477262130643,35.2223821464404,36.9171547677469,0.430409912517559,"Ahya_151b"
"273","Martin_2021","Martin","Martin_152_2021","152","2021",35.792959635907,1.29822367802416,35.1438477968949,36.442071474919,0.329701065890403,"Ahya_152b"
"274","Martin_2021","Martin","Martin_153_2021","153","2021",36.306216349521,2.15339639204159,35.2295181535002,37.3829145455418,0.546883482221808,"Ahya_153b"
"275","Martin_2021","Martin","Martin_154_2021","154","2021",36.3565382561875,2.13216359787195,35.2904564572516,37.4226200551235,0.541491133439345,"Ahya_154b"
"276","Martin_2021","Martin","Martin_147_2021","147","2021",36.3191756466697,2.80029360035091,34.9190288464943,37.7193224468452,0.711171580422052,"Ahya_147"
"277","Martin_2021","Martin","Martin_148_2021","148","2021",35.6821895348369,1.19392111957418,35.0852289750498,36.279150094624,0.303212052264961,"Ahya_148"
"278","Martin_2021","Martin","Martin_149_2021","149","2021",36.2675069705996,3.19083073980569,34.6720916006968,37.8629223405025,0.810353649989598,"Ahya_149"
"279","Martin_2021","Martin","Martin_150_2021","150","2021",36.2493023643605,1.7853935597693,35.3566055844759,37.1419991442452,0.453424297872686,"Ahya_150b"
"280","Martin_2021","Martin","Martin_135_2021","135","2021",36.3234467802083,2.56370277091955,35.0415953947485,37.605298165668,0.651086211495385,"Ahya_135"
"281","Martin_2021","Martin","Martin_136_2021","136","2021",36.0177913619494,1.44938782462745,35.2930974496357,36.7424852742632,0.368091199349816,"Ahya_136"
"282","Martin_2021","Martin","Martin_137_2021","137","2021",36.2749683816957,1.82576138801276,35.3620876876893,37.1878490757021,0.463676241528346,"Ahya_137"
"283","Martin_2021","Martin","Martin_138_2021","138","2021",36.4105978218262,1.5379512307692,35.6416222064416,37.1795734372108,0.390583047170877,"Ahya_138"
"284","Martin_2021","Martin","Martin_139_2021","139","2021",36.3108618428305,2.63615698198225,34.9927833518393,37.6289403338216,0.669486916258354,"Ahya_139"
"285","Martin_2021","Martin","Martin_140_2021","140","2021",36.2603296951608,3.23171011724048,34.6444746365406,37.8761847537811,0.820735508325212,"Ahya_140"
"286","Martin_2021","Martin","Martin_141_2021","141","2021",36.159618227041,2.81083938107206,34.754198536505,37.565037917577,0.713849820854162,"Ahya_141b"
"287","Martin_2021","Martin","Martin_142_2021","142","2021",36.3622557134758,2.54115477954119,35.0916783237052,37.6328331032464,0.645359850994512,"Ahya_142b"
"288","Martin_2021","Martin","Martin_155_2021","155","2021",36.205167560206,0.920339010700928,35.7449980548556,36.6653370655565,0.233732258889647,"Ahya_155b"
"289","Martin_2021","Martin","Martin_156_2021","156","2021",36.2518384835439,1.58271734089845,35.4604798130946,37.0431971539931,0.401951992657873,"Ahya_156b"
"290","Martin_2021","Martin","Martin_157_2021","157","2021",36.4009154261262,1.62111345746992,35.5903586973913,37.2114721548612,0.411703194067888,"Ahya_157b"
"291","Martin_2021","Martin","Martin_158_2021","158","2021",35.9966476034638,1.31212722247243,35.3405839922276,36.6527112147001,0.333232054811531,"Ahya_158b"
"292","Moore_2021","Moore","Moore_391_2021","391","2021",38.3989322835966,5.57697651273742,35.6104440272279,41.1874205399654,1.418837252646,"Ahya_391"
"293","Moore_2021","Moore","Moore_392_2021","392","2021",36.2091536951488,2.21033202286988,35.1039876837138,37.3143197065837,0.562330038077361,"Ahya_392"
"294","Moore_2021","Moore","Moore_394_2021","394","2021",37.6129747573717,2.10831585348851,36.5588168306274,38.667132684116,0.536376128972677,"Ahya_394"
"295","Moore_2021","Moore","Moore_375_2021","375","2021",34.8360828854495,2.63021413485393,33.5209758180225,36.1511899528765,0.669152145153126,"Ahya_375"
"296","Moore_2021","Moore","Moore_376_2021","376","2021",33.992055805497,0.843980927815124,33.5700653415895,34.4140462694046,0.214716984762604,"Ahya_376"
"297","Moore_2021","Moore","Moore_377_2021","377","2021",37.1029703451967,1.98790434818545,36.109018171104,38.0969225192894,0.505742266882539,"Ahya_377"
"298","Moore_2021","Moore","Moore_378_2021","378","2021",36.4543344654153,1.78531660875348,35.5616761610386,37.346992769792,0.454201968841305,"Ahya_378"
"299","Moore_2021","Moore","Moore_407_2021","407","2021",37.119539335711,2.52718473934424,35.8559469660389,38.3831317053831,0.642940461432943,"Ahya_407"
"300","Moore_2021","Moore","Moore_408_2021","408","2021",36.7897847354618,1.65514326950694,35.9622131007084,37.6173563702153,0.421084600926544,"Ahya_408"
"301","Moore_2021","Moore","Moore_409_2021","409","2021",37.1100866869505,50.2532952878021,11.9834390430495,62.2367343308516,12.7849287619746,"Ahya_409"
"302","Moore_2021","Moore","Moore_410_2021","410","2021",37.5154307742417,1.8642563106184,36.5833026189325,38.4475589295509,0.474284999397904,"Ahya_410"
"303","Moore_2021","Moore","Moore_379_2021","379","2021",35.6018906534104,5.55640136051045,32.8236899731552,38.3800913336657,1.41360273311883,"Ahya_379"
"304","Moore_2021","Moore","Moore_380_2021","380","2021",37.5927320097821,1.81840788930327,36.6835280651304,38.5019359544337,0.462620713563395,"Ahya_380"
"305","Moore_2021","Moore","Moore_381_2021","381","2021",37.3885194398142,2.03803520466116,36.3695018374836,38.4075370421448,0.518496046015787,"Ahya_381"
"306","Moore_2021","Moore","Moore_382_2021","382","2021",39.0995020934805,3.50743475177605,37.3457847175925,40.8532194693686,0.892325631223139,"Ahya_382"
"307","Moore_2021","Moore","Moore_423_2021","423","2021",34.8078932129066,2.56555285710294,33.5251167843552,36.0906696414581,0.65270168503961,"Ahya_423"
"308","Moore_2021","Moore","Moore_424_2021","424","2021",35.9453871180528,2.28427992771392,34.8032471541959,37.0875270819098,0.581143106755028,"Ahya_424"
"309","Moore_2021","Moore","Moore_425_2021","425","2021",37.1753714499853,1.95581469383961,36.1974641030655,38.1532787969051,0.497578345641984,"Ahya_425"
"310","Moore_2021","Moore","Moore_399_2021","399","2021",37.1531113022854,1.63645281431008,36.3348848951304,37.9713377094405,0.4163295667173,"Ahya_399"
"311","Moore_2021","Moore","Moore_400_2021","400","2021",38.050911114128,0.910432789425897,37.595694719415,38.5061275088409,0.231622986885025,"Ahya_400"
"312","Moore_2021","Moore","Moore_401_2021","401","2021",37.8301124022502,0.998013432107967,37.3311056861962,38.3291191183042,0.253904357115687,"Ahya_401"
"313","Moore_2021","Moore","Moore_402_2021","402","2021",36.5401273758802,4.81935157693303,34.1304515874137,38.9498031643467,1.22609007503145,"Ahya_402"
"314","Moore_2021","Moore","Moore_415_2021","415","2021",34.8102805454623,1.86597178322748,33.8772946538486,35.7432664370761,0.474721432371594,"Ahya_415"
"315","Moore_2021","Moore","Moore_416_2021","416","2021",36.9663858043174,1.77129133895171,36.0807401348415,37.8520314737932,0.450633803325869,"Ahya_416"
"316","Moore_2021","Moore","Moore_417_2021","417","2021",36.8591267576753,1.69357516285777,36.0123391762464,37.7059143391042,0.430862049666257,"Ahya_417"
"317","Moore_2021","Moore","Moore_418_2021","418","2021",36.6132204960843,4.95828541248383,34.1340777898424,39.0923632023263,1.26143619870298,"Ahya_418"
"318","Moore_2021","Moore","Moore_411_2021","411","2021",37.1405089856628,1.61569609466517,36.3326609383302,37.9483570329953,0.411048854667023,"Ahya_411"
"319","Moore_2021","Moore","Moore_412_2021","412","2021",36.7368004075973,5.47503203169398,33.9992843917503,39.4743164234443,1.39290158175413,"Ahya_412"
"320","Moore_2021","Moore","Moore_413_2021","413","2021",37.6456470050038,5.4664258433626,34.9124340833225,40.3788599266851,1.3907120834516,"Ahya_413"
"321","Moore_2021","Moore","Moore_414_2021","414","2021",36.3290492858706,2.18501132761189,35.2365436220646,37.4215549496765,0.555888206089564,"Ahya_414"
"322","Moore_2021","Moore","Moore_383_2021","383","2021",36.6130591654609,1.94795008824434,35.6390841213387,37.5870342095831,0.49557751322491,"Ahya_383"
"323","Moore_2021","Moore","Moore_384_2021","384","2021",36.0939973790566,2.06511427571455,35.0614402411993,37.1265545169139,0.525385225966581,"Ahya_384"
"324","Moore_2021","Moore","Moore_385_2021","385","2021",36.7690087065472,1.89328619596448,35.822365608565,37.7156518045295,0.481670485543486,"Ahya_385"
"325","Moore_2021","Moore","Moore_386_2021","386","2021",36.9142134268931,3.31233261813173,35.2580471178272,38.570379735959,0.842689744349125,"Ahya_386"
"326","Moore_2021","Moore","Moore_395_2021","395","2021",38.3106807401712,2.50102015310722,37.0601706636176,39.5611908167248,0.636283935344234,"Ahya_395"
"327","Moore_2021","Moore","Moore_396_2021","396","2021",37.4751583254823,NA,NA,NA,NA,"Ahya_396"
"328","Moore_2021","Moore","Moore_397_2021","397","2021",35.4197836517982,2.55504770367465,34.1422597999608,36.6973075036355,0.650029071483719,"Ahya_397"
"329","Moore_2021","Moore","Moore_398_2021","398","2021",39.6767305554886,4.35095313134332,37.501253989817,41.8522071211603,1.10692493919731,"Ahya_398"
"330","Moore_2021","Moore","Moore_419_2021","419","2021",37.7570497182114,0.577223086750664,37.4684381748361,38.0456612615868,0.146851186605976,"Ahya_419"
"331","Moore_2021","Moore","Moore_420_2021","420","2021",37.2982122130513,3.78978765325348,35.4033183864246,39.193106039678,0.964158964946872,"Ahya_420"
"332","Moore_2021","Moore","Moore_421_2021","421","2021",36.711243920029,1.83941987081226,35.7915339846229,37.6309538554352,0.46796636672309,"Ahya_421"
"333","Moore_2021","Moore","Moore_422_2021","422","2021",35.9489937432095,1.62473967319127,35.1366239066139,36.7613635798051,0.413349629303737,"Ahya_422"
"334","Moore_2021","Moore","Moore_403_2021","403","2021",36.2697381592538,2.981460902259,34.7790077081243,37.7604686103833,0.758512750729925,"Ahya_403"
"335","Moore_2021","Moore","Moore_404_2021","404","2021",37.7258031440646,0.666975228794399,37.3923155296674,38.0592907584618,0.169685007466722,"Ahya_404"
"336","Moore_2021","Moore","Moore_405_2021","405","2021",37.0032265574694,2.24350603700992,35.8814735389645,38.1249795759744,0.570769831032236,"Ahya_405"
"337","Moore_2021","Moore","Moore_406_2021","406","2021",36.0139818037113,1.81734754479882,35.1053080313119,36.9226555761107,0.462350951573163,"Ahya_406"
"338","Moore_2021","Moore","Moore_387_2021","387","2021",37.4590639870669,1.7458646359328,36.5861316691005,38.3319963050333,0.444165001929128,"Ahya_387"
"339","Moore_2021","Moore","Moore_388_2021","388","2021",38.1812489533631,0.775485735828994,37.7935060854486,38.5689918212776,0.197291139451061,"Ahya_388"
"340","Moore_2021","Moore","Moore_389_2021","389","2021",37.5905169479257,1.86847612994872,36.6562788829514,38.5247550129001,0.475358562618336,"Ahya_389"
"341","Moore_2021","Moore","Moore_390_2021","390","2021",38.8709597500635,2.70286921383675,37.5195251431451,40.2223943569819,0.68763630631452,"Ahya_390"
"342","Moore_2021","Moore","Moore_393_2021","393","2021",37.1154280637196,2.58128096889025,35.8247875792745,38.4060685481647,0.656703070174844,"Ahya_393"
"343","NoName_2021","NoName","NoName_101_2021","101","2021",34.4528290804923,1.34528723102747,33.7801854649786,35.1254726960061,0.341829995708646,"Ahya_101b"
"344","NoName_2021","NoName","NoName_102_2021","102","2021",36.0693301116608,1.19687342367867,35.4708933998214,36.6677668235001,0.304118873534091,"Ahya_102b"
"345","NoName_2021","NoName","NoName_103_2021","103","2021",35.3907850707108,1.26351588574416,34.7590271278387,36.0225430135829,0.321052352122498,"Ahya_103b"
"346","NoName_2021","NoName","NoName_104_2021","104","2021",35.727951385888,1.393934068124,35.030984351826,36.42491841995,0.354190886180523,"Ahya_104b"
"347","NoName_2021","NoName","NoName_129_2021","129","2021",35.4171877848568,1.36680356363306,34.7337860030402,36.1005895666733,0.347297176034603,"Ahya_129b"
"348","NoName_2021","NoName","NoName_130_2021","130","2021",36.2264113557249,1.51798165628561,35.4674205275821,36.9854021838677,0.385710687715076,"Ahya_130b"
"349","NoName_2021","NoName","NoName_109_2021","109","2021",36.5797850740196,1.5812252115489,35.7891724682452,37.3703976797941,0.401780523007974,"Ahya_109b"
"350","NoName_2021","NoName","NoName_110_2021","110","2021",36.6123942983268,1.64162581541645,35.7915813906186,37.4332072060351,0.417127980178941,"Ahya_110b"
"351","NoName_2021","NoName","NoName_111_2021","111","2021",35.5114035861185,1.34204841831151,34.8403793769627,36.1824277952742,0.341007031429152,"Ahya_111b"
"352","NoName_2021","NoName","NoName_113_2021","113","2021",33.7266780896334,0.96734770924823,33.2430042350093,34.2103519442575,0.245797667349107,"Ahya_113b"
"353","NoName_2021","NoName","NoName_105_2021","105","2021",34.8555333224118,1.29952925625747,34.2057686942831,35.5052979505406,0.33020314907061,"Ahya_105b"
"354","NoName_2021","NoName","NoName_106_2021","106","2021",34.7607806265377,1.09768411359482,34.2119385697403,35.3096226833351,0.278915422064172,"Ahya_106b"
"355","NoName_2021","NoName","NoName_107_2021","107","2021",35.9860499643059,1.4241648630849,35.2739675327634,36.6981323958483,0.361872362874437,"Ahya_107b"
"356","NoName_2021","NoName","NoName_108_2021","108","2021",35.4612650575358,1.48205229097566,34.720238912048,36.2022912030236,0.376581236021452,"Ahya_108b"
"357","NoName_2021","NoName","NoName_125_2021","125","2021",36.6012378457719,2.05904016793639,35.5717177618037,37.6307579297401,0.523190643259185,"Ahya_125b"
"358","NoName_2021","NoName","NoName_126_2021","126","2021",36.3604145896063,2.12003186291908,35.3003986581468,37.4204305210658,0.538688293391694,"Ahya_126b"
"359","NoName_2021","NoName","NoName_127_2021","127","2021",35.2106853052576,1.2589251520285,34.5812227292433,35.8401478812718,0.319885872243606,"Ahya_127b"
"360","NoName_2021","NoName","NoName_128_2021","128","2021",36.0772231598265,7.52027141988837,32.3170874498823,39.8373588697707,1.91085909975147,"Ahya_128b"
"361","NoName_2021","NoName","NoName_112_2021","112","2021",36.2664331888949,1.6433322538857,35.4447670619521,37.0880993158378,0.417561576693627,"Ahya_112b"
"362","NoName_2021","NoName","NoName_114_2021","114","2021",35.6319662486159,1.40606744600994,34.9289325256109,36.3349999716209,0.357273909950487,"Ahya_114b"
"363","NoName_2021","NoName","NoName_115_2021","115","2021",35.1320226420975,1.07399061103425,34.5950273365803,35.6690179476146,0.272895034973736,"Ahya_115b"
"364","NoName_2021","NoName","NoName_116_2021","116","2021",35.6756480018036,1.52588392514757,34.9127060392298,36.4385899643774,0.38771861023814,"Ahya_116b"
"365","NoName_2021","NoName","NoName_117_2021","117","2021",36.8415605795101,1.86999118521238,35.9065649869039,37.7765561721163,0.475154349252352,"Ahya_117b"
"366","NoName_2021","NoName","NoName_118_2021","118","2021",36.4084496708789,2.88421143542104,34.9663439531684,37.8505553885894,0.732862068303296,"Ahya_118b"
"367","NoName_2021","NoName","NoName_119_2021","119","2021",34.5473083397085,0.950801622878473,34.0719075282693,35.0227091511477,0.241593398920536,"Ahya_119b"
"368","NoName_2021","NoName","NoName_97_2021","97","2021",35.4265465037326,1.60577658003614,34.6236582137145,36.2294347937506,0.408018889054326,"Ahya_97b"
"369","NoName_2021","NoName","NoName_98_2021","98","2021",34.9315759648396,1.04090268087704,34.4111246244011,35.4520273052781,0.26448757613314,"Ahya_98b"
"370","NoName_2021","NoName","NoName_99_2021","99","2021",36.3511926803369,2.7394089953693,34.9814881826523,37.7208971780216,0.696068574453153,"Ahya_99b"
"371","NoName_2021","NoName","NoName_100_2021","100","2021",35.6688067203102,1.13814736980979,35.0997330354053,36.2378804052151,0.289196910194969,"Ahya_100b"
"372","NoName_2021","NoName","NoName_121_2021","121","2021",35.2572911119286,1.07740176626677,34.7185902287952,35.795991995062,0.2737617905272,"Ahya_121b"
"373","NoName_2021","NoName","NoName_122_2021","122","2021",35.374263118868,1.19112340840806,34.7787014146639,35.969824823072,0.302657826666223,"Ahya_122b"
"374","NoName_2021","NoName","NoName_123_2021","123","2021",36.4601801549257,2.21737794041969,35.3514911847158,37.5688691251355,0.563423389724149,"Ahya_123b"
"375","NoName_2021","NoName","NoName_124_2021","124","2021",36.5065068216408,2.59144450343375,35.210784569924,37.8022290733577,0.658471620823605,"Ahya_124b"
"376","NoName_2021","NoName","NoName_120_2021","120","2021",35.2943069878574,1.07428302859199,34.7571654735614,35.8314485021534,0.272969336647168,"Ahya_120b"
"377","NorthDirection-23March_2021","NorthDirection-23March","NorthDirection-23March_72_2021","72","2021",35.1525052437802,0.993060080056893,34.6559752037517,35.6490352838086,0.252152511212255,"Ahya_72b"
"378","NorthDirection-23March_2021","NorthDirection-23March","NorthDirection-23March_60_2021","60","2021",35.017800157489,0.990238087427457,34.5226811137753,35.5129192012028,0.251435965917136,"Ahya_60b"
"379","NorthDirection-23March_2021","NorthDirection-23March","NorthDirection-23March_61_2021","61","2021",35.6474759608537,1.15097853640739,35.07198669265,36.2229652290574,0.292250322145568,"Ahya_61b"
"380","NorthDirection-23March_2021","NorthDirection-23March","NorthDirection-23March_62_2021","62","2021",36.4217873089859,2.87874065735956,34.9824169803062,37.8611576376657,0.730954451255799,"Ahya_62"
"381","NorthDirection-23March_2021","NorthDirection-23March","NorthDirection-23March_63_2021","63","2021",36.3902554110747,1.29969060601044,35.7404101080695,37.0401007140799,0.330010496530819,"Ahya_63"
"382","NorthDirection-23March_2021","NorthDirection-23March","NorthDirection-23March_64_2021","64","2021",33.7650237600216,1.04656386628209,33.2417418268806,34.2883056931627,0.265737906826257,"Ahya_64"
"383","NorthDirection-23March_2021","NorthDirection-23March","NorthDirection-23March_65_2021","65","2021",36.326409227976,1.26907158865748,35.6918734336473,36.9609450223048,0.322235879192502,"Ahya_65"
"384","NorthDirection-23March_2021","NorthDirection-23March","NorthDirection-23March_66_2021","66","2021",34.8386304264658,1.22188039202638,34.2276902304526,35.449570622479,0.310253342610261,"Ahya_66"
"385","NorthDirection-23March_2021","NorthDirection-23March","NorthDirection-23March_67_2021","67","2021",35.9999149842267,1.08968072270918,35.4550746228721,36.5447553455813,0.27668590870651,"Ahya_67b"
"386","NorthDirection-23March_2021","NorthDirection-23March","NorthDirection-23March_68_2021","68","2021",35.9701386652835,1.04851149807205,35.4458829162475,36.4943944143195,0.266232439087314,"Ahya_68b"
"387","NorthDirection-23March_2021","NorthDirection-23March","NorthDirection-23March_69_2021","69","2021",35.6256145624159,0.821099590607872,35.215064767112,36.0361643577199,0.208489222238464,"Ahya_69b"
"388","NorthDirection-23March_2021","NorthDirection-23March","NorthDirection-23March_70_2021","70","2021",35.5897964927542,1.07230917370136,35.0536419059035,36.1259510796049,0.272275017770572,"Ahya_70b"
"389","NorthDirection-23March_2021","NorthDirection-23March","NorthDirection-23March_71_2021","71","2021",35.2014722968906,1.00846890905831,34.6972378423615,35.7057067514198,0.256065038767811,"Ahya_71b"
"390","NorthDirection-23March_2021","NorthDirection-23March","NorthDirection-23March_56_2021","56","2021",36.240465677303,1.377256393556,35.5518374805251,36.929093874081,0.349705586995685,"Ahya_56b"
"391","NorthDirection-23March_2021","NorthDirection-23March","NorthDirection-23March_57_2021","57","2021",36.1450986627814,1.05472594902697,35.6177356882679,36.6724616372949,0.267810379280014,"Ahya_57b"
"392","NorthDirection-23March_2021","NorthDirection-23March","NorthDirection-23March_58_2021","58","2021",35.1137070093802,0.744757427242249,34.7413282957591,35.4860857230014,0.189104827889517,"Ahya_58b"
"393","NorthDirection-23March_2021","NorthDirection-23March","NorthDirection-23March_59_2021","59","2021",35.509568697733,0.927306336759329,35.0459155293534,35.9732218661127,0.235456671930168,"Ahya_59b"
"394","NorthDirection-23March_2021","NorthDirection-23March","NorthDirection-23March_44_2021","44","2021",34.3345336926942,1.45894711224528,33.6050601365715,35.0640072488168,0.370448057943723,"Ahya_44b"
"395","NorthDirection-23March_2021","NorthDirection-23March","NorthDirection-23March_45_2021","45","2021",34.7779566922333,1.18331252282469,34.186300430821,35.3696129536457,0.300460395268392,"Ahya_45b"
"396","NorthDirection-23March_2021","NorthDirection-23March","NorthDirection-23March_46_2021","46","2021",36.0009334635511,1.32079765900367,35.3405346340493,36.661332293053,0.335369886685973,"Ahya_46"
"397","NorthDirection-23March_2021","NorthDirection-23March","NorthDirection-23March_47_2021","47","2021",35.3428988851062,1.111551141224,34.7871233144942,35.8986744557182,0.282239128557478,"Ahya_47b"
"398","NorthDirection-23March_2021","NorthDirection-23March","NorthDirection-23March_48_2021","48","2021",35.7341228150997,0.96865073109737,35.249797449551,36.2184481806484,0.24595461970417,"Ahya_48b"
"399","NorthDirection-23March_2021","NorthDirection-23March","NorthDirection-23March_49_2021","49","2021",33.8396988237781,1.17516178881907,33.2521179293686,34.4272797181877,0.298390804425888,"Ahya_49b"
"400","NorthDirection-23March_2021","NorthDirection-23March","NorthDirection-23March_50_2021","50","2021",34.2181064967617,0.994290721025536,33.7209611362489,34.7152518572745,0.252464988993685,"Ahya_50b"
"401","NorthDirection-23March_2021","NorthDirection-23March","NorthDirection-23March_51_2021","51","2021",34.0462192298173,1.20479434120526,33.4438220592146,34.6486164004199,0.305914943848932,"Ahya_51b"
"402","NorthDirection-23March_2021","NorthDirection-23March","NorthDirection-23March_52_2021","52","2021",36.1786233819084,1.23420930695423,35.5615187284313,36.7957280353855,0.313383834835263,"Ahya_52b"
"403","NorthDirection-23March_2021","NorthDirection-23March","NorthDirection-23March_53_2021","53","2021",36.1537918016827,1.41720395918368,35.4451898220909,36.8623937812746,0.359848859484556,"Ahya_53b"
"404","NorthDirection-23March_2021","NorthDirection-23March","NorthDirection-23March_54_2021","54","2021",37.0295488005506,1.52495100771465,36.2670732966932,37.7920243044079,0.387207414529116,"Ahya_54b"
"405","NorthDirection-23March_2021","NorthDirection-23March","NorthDirection-23March_55_2021","55","2021",34.0031825864058,1.06650446738776,33.4699303527119,34.5364348200997,0.270801117748591,"Ahya_55b"
"406","NorthDirection-24March_2021","NorthDirection-24March","NorthDirection-24March_77_2021","77","2021",36.0083284724578,1.72890009617169,35.1438784243719,36.8727785205436,0.438582836627563,"Ahya_77b"
"407","NorthDirection-24March_2021","NorthDirection-24March","NorthDirection-24March_78_2021","78","2021",34.741805588264,1.18366716316629,34.1499720066808,35.3336391698471,0.300269577862768,"Ahya_78b"
"408","NorthDirection-24March_2021","NorthDirection-24March","NorthDirection-24March_79_2021","79","2021",36.0999746045656,3.29281611594303,34.4535665465941,37.7463826625371,0.835312945971307,"Ahya_79b"
"409","NorthDirection-24March_2021","NorthDirection-24March","NorthDirection-24March_80_2021","80","2021",35.5430191134659,0.911250254543887,35.0873939861939,35.9986442407378,0.231163571799442,"Ahya_80b"
"410","NorthDirection-24March_2021","NorthDirection-24March","NorthDirection-24March_85_2021","85","2021",35.4107432388983,NA,NA,NA,NA,"Ahya_85"
"411","NorthDirection-24March_2021","NorthDirection-24March","NorthDirection-24March_86_2021","86","2021",35.8195146905135,1.34692580139154,35.1460517898177,36.4929775912092,0.341684600521008,"Ahya_86"
"412","NorthDirection-24March_2021","NorthDirection-24March","NorthDirection-24March_87_2021","87","2021",34.6571614940154,0.927675611642314,34.1933236881942,35.1209992998366,0.235330313258249,"Ahya_87"
"413","NorthDirection-24March_2021","NorthDirection-24March","NorthDirection-24March_88_2021","88","2021",34.3114961409104,1.56811459872277,33.527438841549,35.0955534402717,0.397795193827458,"Ahya_88"
"414","NorthDirection-24March_2021","NorthDirection-24March","NorthDirection-24March_89_2021","89","2021",35.9233906059676,0.994562420036146,35.4261093959495,36.4206718159857,0.252297983179309,"Ahya_89"
"415","NorthDirection-24March_2021","NorthDirection-24March","NorthDirection-24March_90_2021","90","2021",34.4917737302172,1.24750855069277,33.8680194548708,35.1155280055635,0.316464693414908,"Ahya_90"
"416","NorthDirection-24March_2021","NorthDirection-24March","NorthDirection-24March_91_2021","91","2021",37.0026675417835,1.10904854477084,36.4481432693981,37.5571918141689,0.281340522682791,"Ahya_91"
"417","NorthDirection-24March_2021","NorthDirection-24March","NorthDirection-24March_92_2021","92","2021",33.7697532614439,1.09843030654812,33.2205381081698,34.318968414718,0.278646915891965,"Ahya_92"
"418","NorthDirection-24March_2021","NorthDirection-24March","NorthDirection-24March_82_2021","82","2021",35.8432832768557,1.61872512598146,35.0339207138649,36.6526458398464,0.410633939488633,"Ahya_82b"
"419","NorthDirection-24March_2021","NorthDirection-24March","NorthDirection-24March_81_2021","81","2021",34.4736536683631,0.472433047065437,34.2374371448304,34.7098701918959,0.11984557485847,"Ahya_81b"
"420","NorthDirection-24March_2021","NorthDirection-24March","NorthDirection-24March_83_2021","83","2021",34.9537364547805,0.87317780896656,34.5171475502972,35.3903253592637,0.221505453776528,"Ahya_83b"
"421","NorthDirection-24March_2021","NorthDirection-24March","NorthDirection-24March_84_2021","84","2021",34.5782354593841,0.734774352361043,34.2108482832036,34.9456226355646,0.18639562832651,"Ahya_84b"
"422","NorthDirection-24March_2021","NorthDirection-24March","NorthDirection-24March_73_2021","73","2021",35.5078031859044,0.937490041287191,35.0390581652608,35.9765482065479,0.237820011999696,"Ahya_73b"
"423","NorthDirection-24March_2021","NorthDirection-24March","NorthDirection-24March_74_2021","74","2021",35.6496504019804,1.45701207803653,34.9211443629621,36.3781564409987,0.369610998114273,"Ahya_74b"
"424","NorthDirection-24March_2021","NorthDirection-24March","NorthDirection-24March_75_2021","75","2021",35.3269353355001,0.76884609052189,34.9425122902392,35.7113583807611,0.195038857397122,"Ahya_75b"
"425","NorthDirection-24March_2021","NorthDirection-24March","NorthDirection-24March_76_2021","76","2021",34.9514910824145,1.16759457992943,34.3676937924498,35.5352883723793,0.296192327150847,"Ahya_76b"
"426","NorthDirection-24March_2021","NorthDirection-24March","NorthDirection-24March_93_2021","93","2021",34.8980137692336,1.44478674459214,34.1756203969375,35.6204071415297,0.366509707627547,"Ahya_93"
"427","NorthDirection-24March_2021","NorthDirection-24March","NorthDirection-24March_94_2021","94","2021",34.861594356394,0.833790520293277,34.4446990962474,35.2784896165406,0.211513789809567,"Ahya_94"
"428","NorthDirection-24March_2021","NorthDirection-24March","NorthDirection-24March_95_2021","95","2021",34.8378600110686,0.850085634762692,34.4128171936872,35.2629028284499,0.215647491660235,"Ahya_95b"
"429","NorthDirection-24March_2021","NorthDirection-24March","NorthDirection-24March_96_2021","96","2021",34.4446503943547,1.18246835883689,33.8534162149363,35.0358845737732,0.29996546832832,"Ahya_96b"
"430","Pelorus_2021","Pelorus","Pelorus_249_2021","249","2021",35.1594497733617,1.46126260794588,34.4288184693887,35.8900810773346,0.371106957561271,"Ahya_249"
"431","Pelorus_2021","Pelorus","Pelorus_250_2021","250","2021",35.361300222846,1.82566577373299,34.4484673359795,36.2741331097125,0.463651959017955,"Ahya_250"
"432","Pelorus_2021","Pelorus","Pelorus_233_2021","233","2021",35.1120810998217,2.26897345189882,33.9775943738722,36.2465678257711,0.576235804531477,"Ahya_233"
"433","Pelorus_2021","Pelorus","Pelorus_234_2021","234","2021",35.2988865954357,1.90301740523644,34.3473778928175,36.2503952980539,0.483296428447028,"Ahya_234"
"434","Pelorus_2021","Pelorus","Pelorus_235_2021","235","2021",35.6153192300513,3.00432417831303,34.1131571408948,37.1174813192078,0.76298784303307,"Ahya_235"
"435","Pelorus_2021","Pelorus","Pelorus_236_2021","236","2021",35.5592026463843,2.42282722294726,34.3477890349107,36.770616257858,0.615309003676278,"Ahya_236"
"436","Pelorus_2021","Pelorus","Pelorus_221_2021","221","2021",35.4919506313492,2.01892488569406,34.4824881885022,36.5014130741963,0.512732665436412,"Ahya_221"
"437","Pelorus_2021","Pelorus","Pelorus_222_2021","222","2021",35.5333468684425,1.51608627980836,34.7753037285383,36.2913900083466,0.385030153814011,"Ahya_222"
"438","Pelorus_2021","Pelorus","Pelorus_223_2021","223","2021",35.8481503926283,1.26759809318584,35.2143513460354,36.4819494392212,0.32192329374248,"Ahya_223"
"439","Pelorus_2021","Pelorus","Pelorus_224_2021","224","2021",36.3259540642104,0.868404361754514,35.8917518833331,36.7601562450876,0.220542768200082,"Ahya_224"
"440","Pelorus_2021","Pelorus","Pelorus_228_2021","228","2021",35.7421278096843,2.02685774264447,34.728698938362,36.7555566810065,0.51474731933341,"Ahya_228"
"441","Pelorus_2021","Pelorus","Pelorus_227_2021","227","2021",34.8914853288577,1.6896299810381,34.0466703383387,35.7363003193768,0.429103871034367,"Ahya_227"
"442","Pelorus_2021","Pelorus","Pelorus_226_2021","226","2021",35.0744212997851,1.62961713371003,34.25961273293,35.8892298666401,0.413862815069887,"Ahya_226"
"443","Pelorus_2021","Pelorus","Pelorus_225_2021","225","2021",35.7085289618746,1.8938052138983,34.7616263549255,36.6554315688238,0.480956870669133,"Ahya_225"
"444","Pelorus_2021","Pelorus","Pelorus_241_2021","241","2021",35.9440111299004,1.33321652940056,35.2774028652001,36.6106193946006,0.338587963112076,"Ahya_241"
"445","Pelorus_2021","Pelorus","Pelorus_242_2021","242","2021",35.6959891160386,1.68939201745498,34.8512931073111,36.5406851247661,0.429043437036493,"Ahya_242"
"446","Pelorus_2021","Pelorus","Pelorus_243_2021","243","2021",35.8894908833354,1.57954634828657,35.0997177091921,36.6792640574787,0.401146677162735,"Ahya_243"
"447","Pelorus_2021","Pelorus","Pelorus_244_2021","244","2021",36.7738627760823,1.19352869065999,36.1770984307524,37.3706271214123,0.303112389754188,"Ahya_244"
"448","Pelorus_2021","Pelorus","Pelorus_237_2021","237","2021",36.2793242203267,1.9835394628132,35.2875544889201,37.2710939517333,0.503746069491282,"Ahya_237"
"449","Pelorus_2021","Pelorus","Pelorus_238_2021","238","2021",35.7169035626276,2.12747278811898,34.6531671685682,36.7806399566871,0.540299840288848,"Ahya_238"
"450","Pelorus_2021","Pelorus","Pelorus_239_2021","239","2021",35.7324030105895,NA,NA,NA,NA,"Ahya_239"
"451","Pelorus_2021","Pelorus","Pelorus_240_2021","240","2021",36.0145448474602,3.55050208325918,34.2392938058306,37.7897958890898,0.901696942608729,"Ahya_240"
"452","Pelorus_2021","Pelorus","Pelorus_245_2021","245","2021",35.9041307622758,1.23453423708348,35.2868636437341,36.5213978808176,0.313526290372469,"Ahya_245"
"453","Pelorus_2021","Pelorus","Pelorus_246_2021","246","2021",35.7804134755348,3.76604578039372,33.8973905853379,37.6634363657316,0.956437114040034,"Ahya_246"
"454","Pelorus_2021","Pelorus","Pelorus_247_2021","247","2021",36.0088565984756,1.28218867393915,35.367762261506,36.6499509354452,0.325628764616069,"Ahya_247"
"455","Pelorus_2021","Pelorus","Pelorus_248_2021","248","2021",35.7276699637974,1.60203216193149,34.9266538828317,36.5286860447632,0.406857246806194,"Ahya_248"
"456","Pelorus_2021","Pelorus","Pelorus_229_2021","229","2021",35.8555473099343,1.46387871480552,35.1236079525316,36.5874866673371,0.371771352483891,"Ahya_229"
"457","Pelorus_2021","Pelorus","Pelorus_230_2021","230","2021",36.0131731580137,6.45082454557041,32.7877608852285,39.2385854307989,1.63827217493329,"Ahya_230"
"458","Pelorus_2021","Pelorus","Pelorus_231_2021","231","2021",35.6171044316287,2.01888917537345,34.607659843942,36.6265490193155,0.512723596328393,"Ahya_231"
"459","Pelorus_2021","Pelorus","Pelorus_232_2021","232","2021",35.8529739838818,2.10449227840084,34.8007278446813,36.9052201230822,0.534463636037586,"Ahya_232"
"460","StCrispin-15April_2021","StCrispin-15April","StCrispin-15April_259_2021","259","2021",35.8223311007034,2.31822725127542,34.6632174750657,36.9814447263411,0.586717608825,"Ahya_259"
"461","StCrispin-15April_2021","StCrispin-15April","StCrispin-15April_260_2021","260","2021",33.3373889457832,1.05382661496085,32.8104756383028,33.8643022532637,0.266711829612827,"Ahya_260"
"462","StCrispin-15April_2021","StCrispin-15April","StCrispin-15April_261_2021","261","2021",35.9346536432065,4.40529020744083,33.7320085394861,38.137298746927,1.11493009810314,"Ahya_261"
"463","StCrispin-15April_2021","StCrispin-15April","StCrispin-15April_262_2021","262","2021",35.7913445960789,2.87880486459855,34.3519421637796,37.2307470283782,0.728593586112743,"Ahya_262"
"464","StCrispin-15April_2021","StCrispin-15April","StCrispin-15April_251_2021","251","2021",36.2889076522067,3.32162294033385,34.6280961820398,37.9497191223736,0.840665930356376,"Ahya_251"
"465","StCrispin-15April_2021","StCrispin-15April","StCrispin-15April_252_2021","252","2021",35.3784998503316,1.57476584381639,34.5911169284234,36.1658827722398,0.39855577137009,"Ahya_252"
"466","StCrispin-15April_2021","StCrispin-15April","StCrispin-15April_253_2021","253","2021",34.8822498781939,1.91294206249714,33.9257788469453,35.8387209094425,0.484144422041282,"Ahya_253"
"467","StCrispin-15April_2021","StCrispin-15April","StCrispin-15April_254_2021","254","2021",36.4605122215056,1.55265603865861,35.6841842021763,37.2368402408349,0.39296002487603,"Ahya_254"
"468","StCrispin-15April_2021","StCrispin-15April","StCrispin-15April_267_2021","267","2021",36.4945859096213,1.45943105444863,35.764870382397,37.2243014368456,0.369365815210719,"Ahya_267"
"469","StCrispin-15April_2021","StCrispin-15April","StCrispin-15April_255_2021","255","2021",34.8994197567414,1.55719846883811,34.1208205223223,35.6780189911604,0.394109663580218,"Ahya_255"
"470","StCrispin-15April_2021","StCrispin-15April","StCrispin-15April_256_2021","256","2021",33.5556396884324,0.702123958431784,33.2045777092165,33.9067016676483,0.177699787526526,"Ahya_256"
"471","StCrispin-15April_2021","StCrispin-15April","StCrispin-15April_257_2021","257","2021",34.8580522521141,1.55348641694167,34.0813090436433,35.634795460585,0.393170184410815,"Ahya_257"
"472","StCrispin-15April_2021","StCrispin-15April","StCrispin-15April_258_2021","258","2021",34.421141499968,1.61914135158845,33.6115708241737,35.2307121757622,0.409786720275594,"Ahya_258"
"473","StCrispin-15April_2021","StCrispin-15April","StCrispin-15April_263_2021","263","2021",35.7690106552234,1.8299277576277,34.8540467764096,36.6839745340373,0.463134422083568,"Ahya_263"
"474","StCrispin-15April_2021","StCrispin-15April","StCrispin-15April_264_2021","264","2021",36.0387230148586,2.82369196055868,34.6268770345793,37.450568995138,0.714645121286491,"Ahya_264"
"475","StCrispin-15April_2021","StCrispin-15April","StCrispin-15April_265_2021","265","2021",36.5341306262156,2.3729942314835,35.3476335104739,37.7206277419574,0.600578524165626,"Ahya_265"
"476","StCrispin-15April_2021","StCrispin-15April","StCrispin-15April_266_2021","266","2021",37.1065649937683,0.550923153729812,36.8311034169034,37.3820265706332,0.139432540629848,"Ahya_266"
"477","StCrispin-30Mar_2021","StCrispin-30Mar","StCrispin-30Mar_183_2021","183","2021",36.1924890522366,2.53962230938582,34.9226778975437,37.4623002069295,0.644244718870366,"Ahya_183"
"478","StCrispin-30Mar_2021","StCrispin-30Mar","StCrispin-30Mar_181_2021","181","2021",35.1033640032905,1.99644370098319,34.1051421527989,36.1015858537821,0.506452595776529,"Ahya_181"
"479","StCrispin-30Mar_2021","StCrispin-30Mar","StCrispin-30Mar_182_2021","182","2021",36.5359071254512,13.5921630980842,29.739825576409,43.3319886744933,3.4480242442362,"Ahya_182"
"480","StCrispin-30Mar_2021","StCrispin-30Mar","StCrispin-30Mar_184_2021","184","2021",36.8463804455848,5.34511378665287,34.1738235522584,39.5189373389112,1.35593443012598,"Ahya_184"
"481","StCrispin-30Mar_2021","StCrispin-30Mar","StCrispin-30Mar_165_2021","165","2021",36.6882322720077,1.91149684973911,35.7324838471382,37.6439806968773,0.484903501607519,"Ahya_165"
"482","StCrispin-30Mar_2021","StCrispin-30Mar","StCrispin-30Mar_166_2021","166","2021",36.6322557942519,1.80310122075664,35.7307051838736,37.5338064046302,0.457405983073959,"Ahya_166"
"483","StCrispin-30Mar_2021","StCrispin-30Mar","StCrispin-30Mar_167_2021","167","2021",36.2566330142956,2.35488032293192,35.0791928528296,37.4340731757615,0.597379856844747,"Ahya_167"
"484","StCrispin-30Mar_2021","StCrispin-30Mar","StCrispin-30Mar_168_2021","168","2021",35.4225463482134,1.70563479906686,34.5697289486799,36.2753637477468,0.43268095714834,"Ahya_168"
"485","StCrispin-30Mar_2021","StCrispin-30Mar","StCrispin-30Mar_173_2021","173","2021",36.1462077280328,NA,NA,NA,NA,"Ahya_173"
"486","StCrispin-30Mar_2021","StCrispin-30Mar","StCrispin-30Mar_174_2021","174","2021",35.5867821409519,2.08562836564803,34.5439679581279,36.6295963237759,0.529076727326407,"Ahya_174"
"487","StCrispin-30Mar_2021","StCrispin-30Mar","StCrispin-30Mar_175_2021","175","2021",35.8476112229368,1.84839773678897,34.9234123545423,36.7718100913312,0.468896684320832,"Ahya_175"
"488","StCrispin-30Mar_2021","StCrispin-30Mar","StCrispin-30Mar_176_2021","176","2021",36.6962031872451,NA,NA,NA,NA,"Ahya_176"
"489","StCrispin-30Mar_2021","StCrispin-30Mar","StCrispin-30Mar_161_2021","161","2021",36.0327319800456,1.70602085565166,35.1797215522197,36.8857424078714,0.432778890969063,"Ahya_161b"
"490","StCrispin-30Mar_2021","StCrispin-30Mar","StCrispin-30Mar_162_2021","162","2021",36.4817030482837,7.36020495873163,32.8016005689178,40.1618055276495,1.86711746740525,"Ahya_162"
"491","StCrispin-30Mar_2021","StCrispin-30Mar","StCrispin-30Mar_163_2021","163","2021",36.5553046418817,3.75582537701996,34.6773919533718,38.4332173303917,0.952767919545318,"Ahya_163"
"492","StCrispin-30Mar_2021","StCrispin-30Mar","StCrispin-30Mar_164_2021","164","2021",35.254181729227,1.82589041460807,34.3412365219229,36.167126936531,0.463187085930013,"Ahya_164"
"493","StCrispin-30Mar_2021","StCrispin-30Mar","StCrispin-30Mar_177_2021","177","2021",36.3270207463188,2.55342242331245,35.0503095346626,37.603731957975,0.64774549553475,"Ahya_177"
"494","StCrispin-30Mar_2021","StCrispin-30Mar","StCrispin-30Mar_178_2021","178","2021",35.5532547100978,2.18934757901802,34.4585809205888,36.6479284996068,0.55538794502679,"Ahya_178"
"495","StCrispin-30Mar_2021","StCrispin-30Mar","StCrispin-30Mar_179_2021","179","2021",36.209364143022,2.37540266195886,35.0216628120426,37.3970654740015,0.602585909921268,"Ahya_179"
"496","StCrispin-30Mar_2021","StCrispin-30Mar","StCrispin-30Mar_180_2021","180","2021",35.8329602267901,1.85090969955216,34.907505377014,36.7584150765661,0.469533912438655,"Ahya_180"
"497","StCrispin-30Mar_2021","StCrispin-30Mar","StCrispin-30Mar_169_2021","169","2021",36.7414552468273,3.55480313124301,34.9640536812058,38.5188568124488,0.901773124083554,"Ahya_169"
"498","StCrispin-30Mar_2021","StCrispin-30Mar","StCrispin-30Mar_170_2021","170","2021",38.4272212902437,2.62951288124827,37.1124648496196,39.7419777308679,0.667047923104552,"Ahya_170"
"499","StCrispin-30Mar_2021","StCrispin-30Mar","StCrispin-30Mar_171_2021","171","2021",36.7080223762726,1.6647584991441,35.8756431267006,37.5404016258447,0.422311564717477,"Ahya_171"
"500","StCrispin-30Mar_2021","StCrispin-30Mar","StCrispin-30Mar_172_2021","172","2021",36.2213968469082,2.18034436378679,35.1312246650148,37.3115690288016,0.553104033027694,"Ahya_172"
"501","StCrispin-30Mar_2021","StCrispin-30Mar","StCrispin-30Mar_185_2021","185","2021",35.9791334678003,2.60489814367227,34.6766843959642,37.2815825396365,0.660803721109983,"Ahya_185"
"502","StCrispin-30Mar_2021","StCrispin-30Mar","StCrispin-30Mar_186_2021","186","2021",37.1996504550324,2.26733986542143,36.0659805223217,38.3333203877432,0.575172823448408,"Ahya_186"
"503","StCrispin-30Mar_2021","StCrispin-30Mar","StCrispin-30Mar_187_2021","187","2021",35.1082308463325,1.74641629283323,34.2350226999158,35.9814389927491,0.443026299402397,"Ahya_187"
"504","Sykes_2021","Sykes","Sykes_123_2021","123","2021",34.78432644171,1.02237648985326,34.2731381967833,35.2955146866366,0.259405968512765,"Ahya_123a"
"505","Sykes_2021","Sykes","Sykes_124_2021","124","2021",34.6473255104466,1.22216189476363,34.0362445630648,35.2584064578284,0.310097203072481,"Ahya_124a"
"506","Sykes_2021","Sykes","Sykes_125_2021","125","2021",34.9319816049865,0.630021153935331,34.6169710280188,35.2469921819541,0.159854270165759,"Ahya_125a"
"507","Sykes_2021","Sykes","Sykes_132_2021","132","2021",35.1157517552984,0.952073313706535,34.6397150984452,35.5917884121517,0.241568054907689,"Ahya_132a"
"508","Sykes_2021","Sykes","Sykes_126_2021","126","2021",34.4258371193749,1.02287667853338,33.9143987801082,34.9372754586416,0.259532880594852,"Ahya_126a"
"509","Sykes_2021","Sykes","Sykes_127_2021","127","2021",34.5301647663955,0.893173647980589,34.0835779424052,34.9767515903858,0.226623535951751,"Ahya_127a"
"510","Sykes_2021","Sykes","Sykes_128_2021","128","2021",34.6763202140009,0.871588797810318,34.2405258150957,35.112114612906,0.221146846083397,"Ahya_128a"
"511","Sykes_2021","Sykes","Sykes_129_2021","129","2021",34.8940808515218,0.907959003275266,34.4401013498842,35.3480603531595,0.230375000747826,"Ahya_129a"
"512","Sykes_2021","Sykes","Sykes_142_2021","142","2021",35.1444463721981,0.762674903660709,34.7631089203677,35.5257838240285,0.193512296114009,"Ahya_142a"
"513","Sykes_2021","Sykes","Sykes_143_2021","143","2021",35.0900564026033,0.823288898894759,34.6784119531559,35.5017008520507,0.208891789182532,"Ahya_143a"
"514","Sykes_2021","Sykes","Sykes_144_2021","144","2021",34.7916218027045,1.26198894549546,34.1606273299568,35.4226162754523,0.320202457614846,"Ahya_144a"
"515","Sykes_2021","Sykes","Sykes_145_2021","145","2021",34.9676858279264,0.712879493795214,34.6112460810287,35.324125574824,0.18087778558697,"Ahya_145a"
"516","Sykes_2021","Sykes","Sykes_150_2021","150","2021",35.1228575849523,0.419077307448646,34.9133189312279,35.3323962386766,0.106331821886906,"Ahya_150a"
"517","Sykes_2021","Sykes","Sykes_151_2021","151","2021",35.0138848289841,0.760846338159553,34.6334616599043,35.3943079980639,0.193048337083727,"Ahya_151a"
"518","Sykes_2021","Sykes","Sykes_152_2021","152","2021",34.8830417799363,0.753107594741195,34.5064879825658,35.2595955773069,0.191084797965375,"Ahya_152a"
"519","Sykes_2021","Sykes","Sykes_153_2021","153","2021",34.0550636421047,1.43941641641834,33.3353554338956,34.7747718503139,0.365220848972931,"Ahya_153a"
"520","Sykes_2021","Sykes","Sykes_158_2021","158","2021",33.5691444724066,0.826646750121412,33.1558210973459,33.9824678474673,0.209743771459331,"Ahya_158a"
"521","Sykes_2021","Sykes","Sykes_159_2021","159","2021",35.0584618989288,0.483121662851133,34.8169010675033,35.3000227303544,0.122581694811258,"Ahya_159a"
"522","Sykes_2021","Sykes","Sykes_160_2021","160","2021",35.097656068284,0.424032996982149,34.8856395697929,35.3096725667751,0.107589221148181,"Ahya_160a"
"523","Sykes_2021","Sykes","Sykes_161_2021","161","2021",35.5064103234471,0.849421520820428,35.0816995630369,35.9311210838573,0.21552237797999,"Ahya_161a"
"524","Sykes_2021","Sykes","Sykes_154_2021","154","2021",35.0659774860721,1.10376845161601,34.5140932602641,35.6178617118801,0.280057422140429,"Ahya_154a"
"525","Sykes_2021","Sykes","Sykes_155_2021","155","2021",35.176536983103,0.677397662864777,34.8378381516706,35.5152358145354,0.171875036787027,"Ahya_155a"
"526","Sykes_2021","Sykes","Sykes_156_2021","156","2021",34.1147989815866,1.07383409452206,33.5778819343256,34.6517160288476,0.272462225096261,"Ahya_156a"
"527","Sykes_2021","Sykes","Sykes_157_2021","157","2021",33.1521674623652,2.73490154565661,31.7847166895369,34.5196182351935,0.693922240269765,"Ahya_157a"
"528","Sykes_2021","Sykes","Sykes_130_2021","130","2021",34.9575839213548,0.655451811071103,34.6298580158192,35.2853098268903,0.166306750548175,"Ahya_130a"
"529","Sykes_2021","Sykes","Sykes_131_2021","131","2021",34.5696612891706,0.862689068451502,34.1383167549449,35.0010058233964,0.218888731840026,"Ahya_131a"
"530","Sykes_2021","Sykes","Sykes_121_2021","121","2021",35.1290414705374,0.449342490053468,34.9043702255107,35.3537127155641,0.114010958764308,"Ahya_121a"
"531","Sykes_2021","Sykes","Sykes_122_2021","122","2021",35.3943882247421,1.03594752812295,34.8764144606806,35.9123619888036,0.262849326572162,"Ahya_122a"
"532","Sykes_2021","Sykes","Sykes_133_2021","133","2021",34.4261220568823,0.970644339105675,33.9407998873295,34.9114442264352,0.246280051787261,"Ahya_133a"
"533","Sykes_2021","Sykes","Sykes_134_2021","134","2021",34.9121876828728,0.860772618019354,34.4818013738631,35.3425739918825,0.218402473905309,"Ahya_134a"
"534","Sykes_2021","Sykes","Sykes_135_2021","135","2021",34.6425318864389,0.842152258841807,34.2214557570179,35.0636080158598,0.213677959644228,"Ahya_135a"
"535","Sykes_2021","Sykes","Sykes_141_2021","141","2021",33.795988687248,1.54849957499124,33.0217388997524,34.5702384747436,0.392898346136521,"Ahya_141a"
